Relation_Name,ModelID,Num_ModelID,ObjectID,NumOID,ImportID,Source_Entity_Name,Target_Entity_Name,Source_Label,Target_Label,SourceTo_Target_Cardinality,TargetTo_Source_Cardinality,Source_Optional,Target_Optional,Dominant_Role,Identifying,Source_ID,Num_Source_ID,Target_ID,Num_Target_ID,Number_Of_Attributes
(Reverse) Repurchase transaction Non-balance sheet recognised security position (received) assignment has derived data via (Reverse) Repurchase transaction Non-balance sheet recognised security position (received) assignment derived data,DA75945B-3FE1-4CE1-31BE-32494C407F7E,614,648163CA-3497-8F11-8DFB-F15225693321,5013,,(Reverse) Repurchase transaction Non-balance sheet recognised security position (received) assignment,(Reverse) Repurchase transaction Non-balance sheet recognised security position (received) assignment derived data,,,*,1,Y,N,None,Y,F694A722-2D01-272C-E219-B105D2D77C80,617,54CC7DF0-D46F-D28F-77B1-1465A6F08883,618,17
(Reverse) Repurchase transaction Non-balance sheet recognised security position assignment is assigned to a Repurchase transaction via Repurchase transaction Non-balance sheet recognised security position assignment,DA75945B-3FE1-4CE1-31BE-32494C407F7E,614,B79C7A7E-CC00-B27E-8529-C47D32C65F5A,5014,,Non-balance sheet recognised security position ,(Reverse) Repurchase transaction Non-balance sheet recognised security position (received) assignment,,,*,1,Y,N,None,Y,D0F54796-D350-E3DC-FBD3-8F0AC47B6353,1021,F694A722-2D01-272C-E219-B105D2D77C80,617,12
(Reverse) Repurchase transaction Non-balance sheet recognised security position assignment is assigned to a Repurchase transaction via Repurchase transaction Non-balance sheet recognised security position assignmentv2,DA75945B-3FE1-4CE1-31BE-32494C407F7E,614,A0735ACC-4609-DC90-E8D8-15270AA84675,5015,,Non-balance sheet recognised security position ,Repurchase transaction Non-balance sheet recognised security position (given) assignment,,,*,1,Y,N,None,Y,D0F54796-D350-E3DC-FBD3-8F0AC47B6353,1021,E0958300-7F1A-F70D-8BC0-B4DCA7A6E3DF,1229,12
(Reverse) Repurchase transaction receives gold as collateral via (Reverse) Repurchase transaction gold collateral received assignment,DA75945B-3FE1-4CE1-31BE-32494C407F7E,614,11BF27DE-DA87-4332-D2F0-E445AD29D2A5,5016,,Repurchase transaction,(Reverse) repurchase transaction gold collateral received assignment,,,*,1,Y,N,None,Y,B03540AC-36AC-63EE-EEC5-CB1B2B0E4C5D,1225,5C207513-B80B-2B01-86DB-39048C524A11,616,5
(Reverse) Repurchase transaction uses Non-balance sheet recognised security position via  Repurchase transaction Non-balance sheet recognised security position assignment,DA75945B-3FE1-4CE1-31BE-32494C407F7E,614,5AC184F9-8AEA-E12E-C7ED-3AE32757617D,5017,,Repurchase transaction,(Reverse) Repurchase transaction Non-balance sheet recognised security position (received) assignment,,,*,1,Y,N,None,Y,B03540AC-36AC-63EE-EEC5-CB1B2B0E4C5D,1225,F694A722-2D01-272C-E219-B105D2D77C80,617,5
A balance sheet recognised security position might be a long/short balance sheet recognised security,DA75945B-3FE1-4CE1-31BE-32494C407F7E,614,3DE7376A-5476-B411-30D2-3A4001DF3CBB,5018,,Balance sheet recognised security position,Long/Short balance sheet recognised security position,,,*,1,Y,N,None,Y,C80972BD-FFEA-91AA-6AF0-6B061462F975,679,787DC804-0E68-D537-C02D-2F2E41666E76,963,12
Accounting classification classifies Short balance sheet recognised security position derived data,DA75945B-3FE1-4CE1-31BE-32494C407F7E,614,0138FAC4-EE76-7F6D-F26B-C6CF5FA3A86C,5019,,Accounting classification for financial liabilities,Short balance sheet recognised security position derived data,,,*,1,Y,N,None,N,6EC9BBB2-EB91-A986-6E0C-0C7B64929A33,622,B35FE2AD-7E8A-1370-14DD-1644B0F7D508,1288,1
Accounting classification for financial assets classifies Balance sheet recognised exchange tradable derivative asset position,DA75945B-3FE1-4CE1-31BE-32494C407F7E,614,B36E4B03-7CD3-A326-4A20-DA3B42A3FD19,5020,,Accounting classification for financial assets,Balance sheet recognised exchange tradable derivative asset position,,,*,1,Y,N,None,N,02BFA482-6B90-AEDD-2AF3-894CCAC2D420,621,CD8E5291-A87C-578E-7536-20CECA5FA9A0,663,1
Accounting classification for financial assets is applied to Balance sheet recognised financial asset instrument(s),DA75945B-3FE1-4CE1-31BE-32494C407F7E,614,684805F4-C777-14AF-6645-FAB5C87F2545,5021,,Accounting classification for financial assets,Balance sheet recognised financial asset instrument,,,*,1,Y,N,None,N,02BFA482-6B90-AEDD-2AF3-894CCAC2D420,621,D98528DD-4340-7068-DCF4-FC4EE2F41DB4,671,1
Accounting classification for financial assets is applied to Long balance sheet recognised security position,DA75945B-3FE1-4CE1-31BE-32494C407F7E,614,92DD22D6-797E-DAE4-E15D-1F0ECDB70877,5022,,Accounting classification for financial assets,Long balance sheet recognised security position prudential portfolio Accounting classification assignment,,,*,1,Y,N,None,Y,02BFA482-6B90-AEDD-2AF3-894CCAC2D420,621,8C41CD82-6B5E-E1F3-6046-8A212990D177,975,1
Accounting classification for financial liabilities classifies Financial liability in the form of Debt security issued (by the reporting agent),DA75945B-3FE1-4CE1-31BE-32494C407F7E,614,F79F9B50-4EB2-5A02-7DDE-9EF1B08936E1,5023,,Accounting classification for financial liabilities,Debt security issued (by the reporting agent),,,*,1,Y,N,None,Y,6EC9BBB2-EB91-A986-6E0C-0C7B64929A33,622,101580C7-7A41-DBA0-F668-CA0B21D0D2A3,758,1
Accounting classification for financial liabilities is applied to Balance sheet recognised financial liability instrument(s),DA75945B-3FE1-4CE1-31BE-32494C407F7E,614,C5D39143-DE7C-78D4-3FEF-C4F06F124015,5024,,Accounting classification for financial liabilities,Balance sheet recognised financial liability instrument,,,*,1,Y,N,None,N,6EC9BBB2-EB91-A986-6E0C-0C7B64929A33,622,B5819EC6-25AB-CE81-2AF6-A357F93FAD4A,678,1
Accounting classification for financial liabilities specifies Balance sheet recognised exchange tradable derivative liability position,DA75945B-3FE1-4CE1-31BE-32494C407F7E,614,CC779237-1E1A-7E4C-3981-24D3D48EC0B2,5025,,Accounting classification for financial liabilities,Balance sheet recognised exchange tradable derivative liability position,,,*,1,Y,N,None,N,6EC9BBB2-EB91-A986-6E0C-0C7B64929A33,622,2F2741D3-5A9B-84B6-79A0-B1F2C0C6DB6E,670,1
Accounting classification for off-balance sheet items is applied to Credit facility,DA75945B-3FE1-4CE1-31BE-32494C407F7E,614,B27D45E0-516A-A2AD-95AC-12A460771FD4,5026,,Accounting classification for off-balance sheet items,Credit facility,,,*,1,Y,N,None,N,D191B4AA-795E-24BA-D4A2-33A92F1441FB,623,FB69AB11-CA2F-CB73-8B7F-7D06ABB9DDE3,725,1
Accounting classification for off-balance sheet items is applied to off-balance sheet item given instrument(s),DA75945B-3FE1-4CE1-31BE-32494C407F7E,614,745A55A3-669D-7DDE-EBFB-7CC874E5C0A7,5027,,Accounting classification for off-balance sheet items,Off-balance sheet item given instrument,,,*,1,Y,N,None,N,D191B4AA-795E-24BA-D4A2-33A92F1441FB,623,F7CE6C6C-5F4E-2BA8-B205-B1E9F0BB3D0E,1074,1
Accounting consolidation level classifies Model Context,DA75945B-3FE1-4CE1-31BE-32494C407F7E,614,7E10CE4D-5E5F-9EAA-0CDE-F48B4F16C26E,5028,,Accounting consolidation level,Model Context,,,*,1,Y,N,None,Y,7F36D338-18D0-26CE-70F4-9B8A41B186C6,625,23700D94-7BD4-B730-CE3A-BD73D77FEEAE,1005,1
Accounting hedge type classifies Debt security issued (by the reporting agent) as a hedge,DA75945B-3FE1-4CE1-31BE-32494C407F7E,614,BAFCCA3C-EBA2-296C-C1F8-C8A9DB552CE5,5029,,Accounting hedge type,Debt security issued (by the reporting agent) as a hedge,,,*,1,Y,N,None,N,AD909C61-3FC2-EC62-3190-271AD516B596,626,FAEB9B83-BE89-F719-6667-BF2DE4448BFE,759,1
Accounting hedge type classifies Equity instrument that is not a security as a hedge,DA75945B-3FE1-4CE1-31BE-32494C407F7E,614,D890C458-ECFE-6859-01DC-66EB60228335,5030,,Accounting hedge type,Equity instrument that is not a security as a hedge,,,*,1,Y,N,None,N,AD909C61-3FC2-EC62-3190-271AD516B596,626,30FE22A5-7D6D-B178-7F24-11F6D029B691,798,1
Accounting hedge type classifies Loan and advance as a hedge,DA75945B-3FE1-4CE1-31BE-32494C407F7E,614,5D0257F8-DFB0-6374-2496-53FAA95E0908,5031,,Accounting hedge type,Loan and advance as a hedge,,,*,1,Y,N,None,N,AD909C61-3FC2-EC62-3190-271AD516B596,626,D249222E-C88E-947C-2B2E-F8F931CFDCCB,956,1
Accounting hedge type classifies Long security position as a hedge,DA75945B-3FE1-4CE1-31BE-32494C407F7E,614,36322282-5098-3162-AC9F-65097BB0C31C,5032,,Accounting hedge type,Long/Short balance sheet recognised security position as a hedge,,,*,1,Y,N,None,N,AD909C61-3FC2-EC62-3190-271AD516B596,626,204CCBD3-D9AD-0EC9-ED88-7E6A00BA0415,964,1
Accounting hedge type classifies Over the counter (OTC) Derivative as a hedge,DA75945B-3FE1-4CE1-31BE-32494C407F7E,614,C09155E0-A37D-6F1E-4801-DA60B5906C8F,5033,,Accounting hedge type,Over the counter (OTC) Derivative as a hedge,,,*,1,Y,N,None,N,AD909C61-3FC2-EC62-3190-271AD516B596,626,EE7AABF7-53FD-1A4B-D940-7E228C87F604,1124,1
Accounting standard classifies Model Context,DA75945B-3FE1-4CE1-31BE-32494C407F7E,614,D5BF5664-6A93-8433-D6E0-40893C217B9F,5034,,Accounting standard,Model Context,,,*,1,Y,N,None,Y,1926040B-333E-12CB-2D69-9E19EF7F6230,627,23700D94-7BD4-B730-CE3A-BD73D77FEEAE,1005,1
"Accounting treatment (CRR Group) is assigned to Subsidiary, joint venture and associate Other organisation role assignment",DA75945B-3FE1-4CE1-31BE-32494C407F7E,614,98745910-2C57-1BC6-D5C2-8DA5C3ADA2EB,5035,,Accounting treatment,"Subsidiary, joint venture and associate Other organisation role assignment",,,*,1,Y,N,None,N,D4848F38-00F2-2B92-AC67-3608A3A9D351,628,45C47956-ACDB-BEDC-020E-65414D4E5162,1318,1
"Accounting treatment (IFRS Group) is applied to Subsidiary, joint venture and associate Other organisation role assignment",DA75945B-3FE1-4CE1-31BE-32494C407F7E,614,FAE0B995-045D-9589-7FC5-333F36DE8484,5036,,Accounting treatment (IFRS Group),"Subsidiary, joint venture and associate Other organisation role assignment",,,*,1,Y,N,None,N,97705EED-666F-D9CB-7639-1297FC2C6448,629,45C47956-ACDB-BEDC-020E-65414D4E5162,1318,1
Accrued interests for market values type specifies Security,DA75945B-3FE1-4CE1-31BE-32494C407F7E,614,6AF96AAA-E35F-F0B2-BFAF-5BF0B6DFB870,5037,,Accrued interests for market values type,Security,,,*,1,Y,N,None,N,908258D6-A4BC-8E0B-4E13-D039589530A2,630,6B9C4C46-5617-E783-1C65-FB2BF74222E9,1253,1
Advance has Advance Creditor assignment,DA75945B-3FE1-4CE1-31BE-32494C407F7E,614,A967D641-8637-EE9F-2673-00166934D1A3,5038,,Advance,Advance Creditor assignment,,,1,1,Y,N,Advance,Y,2B7EC1A2-15F3-575F-BC70-179C100BE2B3,632,DFD3F649-FB8D-DEC1-5FD2-0A109F0FAB7B,633,5
Advance has Advance Loan debtor assignment,DA75945B-3FE1-4CE1-31BE-32494C407F7E,614,54FAF0BC-918C-0BBD-6C99-A08F33ACAD95,5039,,Advance,Advance Loan debtor assignment,,,1,1,Y,N,Advance,Y,2B7EC1A2-15F3-575F-BC70-179C100BE2B3,632,C0F1425F-B6B5-0C22-F3B7-25EA275F05D3,634,5
Aircraft collateral is measured by Protection valuation approach,DA75945B-3FE1-4CE1-31BE-32494C407F7E,614,0B57C2CA-B380-73CE-980A-3310EB72E8E8,5040,,Protection valuation approach,Aircraft collateral,,,*,1,Y,N,None,N,FEAECD04-84D6-BE28-0AFB-55F1488722F9,1180,21BA9FD8-253D-C4F0-F5C4-DC5F3BB9AFD8,635,1
A Long balance sheet recognised security position is protected by a protection arrangement received via Long balance sheet recognised security position protection arrangement received,DA75945B-3FE1-4CE1-31BE-32494C407F7E,614,255C653B-9B71-7FD2-FEDE-16993C59551B,5041,,Long balance sheet recognised security position,Long balance sheet recognised security position protection arrangement received assignment,,,*,1,Y,N,None,Y,15C47DFF-7AC2-9C56-CD0C-E37F2FDE60F4,968,799761B4-02A4-4B0E-035D-85D262004783,973,13
A Long non-balance sheet recognised security position is protected by a protection arrangement received via Long non- balance sheet recognised security position protection arrangement received,DA75945B-3FE1-4CE1-31BE-32494C407F7E,614,7A5BEA18-7623-AB75-6751-18CF7328B5B0,5042,,Non-balance sheet recognised security position ,Long non-balance sheet recognised security position protection arrangement received assignment,,,*,1,Y,N,None,Y,D0F54796-D350-E3DC-FBD3-8F0AC47B6353,1021,B0EAD516-F17C-29D0-C08C-A918ED47E4C2,985,12
A Non-balance sheet recognised security position may be under nGAAP a fiduciary item via Non-balance sheet recognised security position national general accepted accounting principles (nGAAP) fiduciary item,DA75945B-3FE1-4CE1-31BE-32494C407F7E,614,38FE58CD-1F6D-7922-649E-D33FD5BFC574,5043,,Non-balance sheet recognised security position ,Non-balance sheet recognised security position national general accepted accounting principles (nGAAP) fiduciary item,,,*,1,Y,N,None,Y,D0F54796-D350-E3DC-FBD3-8F0AC47B6353,1021,5442F499-280E-822E-C83A-FDDC867744DE,1022,12
Approach for prudential purposes is applied to Long security position Prudential portfolio assignment risk data,DA75945B-3FE1-4CE1-31BE-32494C407F7E,614,1085A061-2516-65B6-3E52-3535C23F993A,5044,,Approach for prudential purposes,Long balance sheet recognised security position prudential portfolio assignment risk data,,,*,1,Y,N,None,N,D67CC84E-193B-763D-D553-03F98E7027F8,636,C8C6BD31-7A79-C15D-93C2-C3380CA152AD,982,1
A protection arrangement received protects Long balance sheet recognised security position via Long balance sheet recognised security position protection arrangement received,DA75945B-3FE1-4CE1-31BE-32494C407F7E,614,9583C106-A3C8-ACED-F761-E62A3E260291,5045,,Protection arrangement received,Long balance sheet recognised security position protection arrangement received assignment,,,*,1,Y,N,None,Y,0DE55755-69A8-375B-E4D0-2058D91A0F9D,1175,799761B4-02A4-4B0E-035D-85D262004783,973,6
A protection arrangement received protects Long non-balance sheet recognised security position via Long non-balance sheet recognised security position protection arrangement received,DA75945B-3FE1-4CE1-31BE-32494C407F7E,614,58BB7554-CA3B-39BE-E616-F2058BDC2206,5046,,Protection arrangement received,Long non-balance sheet recognised security position protection arrangement received assignment,,,*,1,Y,N,None,Y,0DE55755-69A8-375B-E4D0-2058D91A0F9D,1175,B0EAD516-F17C-29D0-C08C-A918ED47E4C2,985,6
Area where the enitty is located according to SHS is applied to Party derived data,DA75945B-3FE1-4CE1-31BE-32494C407F7E,614,A99BA719-309C-069A-033C-BF2733DFC7A8,5047,,Area where the entity is located according to SHS,Party,,,*,1,Y,N,None,N,86472D69-0210-FD1F-D227-7CB522B71672,637,68582837-AD3C-8E9C-DB5E-68322CD1DE08,1140,1
Assessment aproach for credit quality status is applied to Credit facility risk data,DA75945B-3FE1-4CE1-31BE-32494C407F7E,614,8959AD64-DEB9-1838-D3B4-053F6AF69158,5048,,Assessment approach for credit quality status,Credit facility risk data,,,*,1,Y,N,None,N,704D663F-6D09-9D25-02F6-F8CE0B2CC4EA,638,536D9BE8-895C-32C3-C6AD-50ABD7478588,732,1
Asset backed security acts as a Tranche in a Traditional securitisation,DA75945B-3FE1-4CE1-31BE-32494C407F7E,614,273E1C38-4428-DE9C-3347-1C91E6D21B79,5049,,Asset backed security,Tranche in a Traditional securitisation,,,1,1,Y,N,Asset backed security,Y,1AF8E386-F925-FB46-6BB1-492829EC436F,639,F113ACC3-8DA5-8E54-6DD7-91545BD2BAF3,1345,5
"Asset backed security has Securitisation non-correlation trading portfolio, (non-CTP) Risk Factor for standardised approach",DA75945B-3FE1-4CE1-31BE-32494C407F7E,614,A150C9E0-D588-A676-69CA-6646DB89B9CC,5050,,Asset backed security,"Securitisation non-correlation trading portfolio, (non-CTP) Risk Factor for standardised approach",,,1,1,Y,N,None,N,1AF8E386-F925-FB46-6BB1-492829EC436F,639,EA6E26CC-8EAC-E13D-3746-0B99B875BD04,1250,5
Asset encumbrance source indicator classifies Debt security issued (by the reporting agent),DA75945B-3FE1-4CE1-31BE-32494C407F7E,614,B68EC015-5437-3A88-88C0-CE1DFC4128F7,5051,,Asset encumbrance source indicator,Debt security issued (by the reporting agent),,,*,1,Y,N,None,N,11A87EFA-44E0-B79E-7B39-F86E64BB761B,640,101580C7-7A41-DBA0-F668-CA0B21D0D2A3,758,1
Asset encumbrance source indicator classifies Exchange tradable derivative liability position,DA75945B-3FE1-4CE1-31BE-32494C407F7E,614,D8C75600-C607-8CB6-FC55-127981102C98,5052,,Asset encumbrance source indicator,Exchange tradable derivative liability position,,,*,1,Y,N,None,N,11A87EFA-44E0-B79E-7B39-F86E64BB761B,640,A5169C55-A549-B957-4273-12882244BA42,815,1
Asset encumbrance source indicator classifies Financial liability instrument,DA75945B-3FE1-4CE1-31BE-32494C407F7E,614,75F59BCA-A02A-6D8E-8560-DB898EDFCAB4,5053,,Asset encumbrance source indicator,Financial liability instrument,,,*,1,Y,N,None,N,11A87EFA-44E0-B79E-7B39-F86E64BB761B,640,B0811BE3-D363-51F6-D109-9A7C6F7D56DE,856,1
Asset encumbrance source indicator classifies Off-balance sheet item received instrument,DA75945B-3FE1-4CE1-31BE-32494C407F7E,614,DABD2589-3E87-99DA-7590-4B0A1EC7127B,5054,,Asset encumbrance source indicator,Off-balance sheet item received instrument,,,*,1,Y,N,None,N,11A87EFA-44E0-B79E-7B39-F86E64BB761B,640,E294C734-9622-7DB5-5FF2-894CA739F838,1076,1
Asset pool (subject to a Covered bond programme) is underlying to a Covered bond programme,DA75945B-3FE1-4CE1-31BE-32494C407F7E,614,FC908221-5CA4-BD10-BEC1-D35BB69B26E8,5055,,Asset pool (subject to a Covered bond programme),Covered bond programme,,,1,1,N,N,Asset pool (subject to a Covered bond programme),N,2D62F0D2-5A23-C26B-70FB-77DBDCE64C96,641,459D3125-2F68-477E-EAC2-635498AA4DB0,720,5
Asset pool (subject to a credit transfer other than securitisation and covered bond programme) is underlying to a Credit transfer other than securitisation and covered bond programme,DA75945B-3FE1-4CE1-31BE-32494C407F7E,614,50A6CD8F-0739-EA14-B589-23EBE3BAAADC,5056,,Asset pool (subject to a credit transfer other than securitisation and covered bond programme),Credit transfer other than securitisation and covered bond programme,,,1,1,Y,N,None,N,F1924C1A-7831-F71C-8570-D4B1B0E6B2FD,642,99A8FAFD-054C-C867-FE11-69640A2ACE80,746,5
Asset pool (subject to a Securitisation) is underlying to a Securitisation,DA75945B-3FE1-4CE1-31BE-32494C407F7E,614,79FF3391-A97C-97DA-35A0-C8EDE78D1D42,5057,,Asset pool (subject to a Securitisation),Securitisation,,,1,1,Y,N,Asset pool (subject to a Securitisation),N,BCDB3E14-DE0D-743A-5D84-9C31FEF0137E,643,EC05B5FC-3397-964C-AAF0-C65C085847AA,1247,5
Asset pool (subject to a Securitisation and other credit transfer) comprises Collateral via Asset pool Collateral received assignment,DA75945B-3FE1-4CE1-31BE-32494C407F7E,614,B560F6EC-8655-9E21-A94E-45DF38C7BEBA,5058,,Asset pool (subject to a Securitisation and other credit transfer),Asset pool Collateral received assignment,,,*,1,Y,N,None,Y,CF3123E9-C3A5-7650-8DD2-DBE9CABA5872,644,3FB3AB42-7C91-CD5C-37CA-500B22FF713D,645,5
Asset pool (subject to a Securitisation and other credit transfer) comprises Exchange tradable derivative position via Asset pool Exchange tradable derivative position assignment,DA75945B-3FE1-4CE1-31BE-32494C407F7E,614,D77EC6C8-1D60-D732-9EFB-D73AFF027E40,5059,,Asset pool (subject to a Securitisation and other credit transfer),Asset pool Exchange tradable derivative position assignment,,,*,1,Y,N,None,Y,CF3123E9-C3A5-7650-8DD2-DBE9CABA5872,644,4CAD27AF-0587-C396-A72B-839760CF6C56,649,5
Asset pool (subject to a Securitisation and other credit transfer) comprises Instrument(s) via Asset pool Deposit assignment,DA75945B-3FE1-4CE1-31BE-32494C407F7E,614,77476557-77AE-A6BE-40DB-A6E1C97C73D7,5060,,Asset pool (subject to a Securitisation and other credit transfer),Asset pool Deposit assignment,,,*,1,Y,N,None,Y,CF3123E9-C3A5-7650-8DD2-DBE9CABA5872,644,D143C8B3-BD28-54B3-0EFA-ECB88CD47327,646,5
Asset pool (subject to a Securitisation and other credit transfer) comprises Instrument(s) via Asset pool Loan assignment,DA75945B-3FE1-4CE1-31BE-32494C407F7E,614,FDB5C2E5-36D2-CBB7-331F-9DF4A14D0521,5061,,Asset pool (subject to a Securitisation and other credit transfer),Asset pool Loan assignment,,,*,1,Y,N,None,Y,CF3123E9-C3A5-7650-8DD2-DBE9CABA5872,644,2920BCAE-102A-9ABA-B91C-D4DF1E83B442,651,5
Asset pool (subject to a Securitisation and other credit transfer) comprises Long balance sheet recognised security postion(s) via Asset pool Long balance sheet recognised Security position assignment,DA75945B-3FE1-4CE1-31BE-32494C407F7E,614,BF891C9A-B56F-8279-233B-F81788E85DF5,5062,,Asset pool (subject to a Securitisation and other credit transfer),Asset pool Long balance sheet recognised security position assignment,,,*,1,Y,N,None,Y,CF3123E9-C3A5-7650-8DD2-DBE9CABA5872,644,FF1F6459-5BB9-5FB5-F3BC-DDDD09D628D6,653,5
Asset pool (subject to a Securitisation and other credit transfer) comprises Non-balance sheet recognised security postion(s) via Asset pool Non-balance sheet recognised Security position ,DA75945B-3FE1-4CE1-31BE-32494C407F7E,614,F5AF8283-2AA7-BC6C-6C81-D93364C75ED7,5063,,Asset pool (subject to a Securitisation and other credit transfer),Asset pool Non-balance sheet recognised security position assignment,,,*,1,Y,N,None,Y,CF3123E9-C3A5-7650-8DD2-DBE9CABA5872,644,F85E3E26-6E1E-FFE9-99B6-7BA7F7337358,654,5
Asset pool (subject to a Securitisation and other credit transfer) comprises Over the counter (OTC) Derivative instrument via Asset pool Over the counter (OTC) Derivative instrument assignment,DA75945B-3FE1-4CE1-31BE-32494C407F7E,614,B65709A5-BE21-B266-2EBB-8DA6C413478D,5064,,Asset pool (subject to a Securitisation and other credit transfer),Asset pool Over the counter (OTC) Derivative instrument assignment,,,*,1,Y,N,None,Y,CF3123E9-C3A5-7650-8DD2-DBE9CABA5872,644,BC33E184-994C-E565-57F3-4A7572B38D53,655,5
Asset pool (subject to a Securitisation and other credit transfer) has Equity instrument that is not a security via Asset pool Equity instrument that is not a security assignment,DA75945B-3FE1-4CE1-31BE-32494C407F7E,614,9B338FAE-B797-D8AA-1F43-3806B4CB0D3E,5065,,Asset pool (subject to a Securitisation and other credit transfer),Asset pool Equity instrument that is not a security assignment,,,*,1,Y,N,None,Y,CF3123E9-C3A5-7650-8DD2-DBE9CABA5872,644,95029E39-5435-2C4B-B75A-AA3013E2D9E7,648,5
Asset pool Deposit assignment has Asset pool Deposit assignment derived,DA75945B-3FE1-4CE1-31BE-32494C407F7E,614,38570908-758F-FA36-C4D0-F0A91F22F098,5066,,Asset pool Deposit assignment,Asset pool Deposit assignment derived data,,,1,1,Y,N,Asset pool Deposit assignment,Y,D143C8B3-BD28-54B3-0EFA-ECB88CD47327,646,760974AE-21CE-433C-A93D-72899FFE26FA,647,10
Asset pool Loan assignment has Asset pool Loan assignment derived data,DA75945B-3FE1-4CE1-31BE-32494C407F7E,614,EA6BD6AB-D555-9D23-9D96-EF0EE6989C68,5067,,Asset pool Loan assignment,Asset pool Loan assignment derived data,,,1,1,Y,N,Asset pool Loan assignment,Y,2920BCAE-102A-9ABA-B91C-D4DF1E83B442,651,993F65A6-8E98-9B9A-8F9E-C382463B0B8D,652,10
Assigned debtor has Assigned debtor derived data,DA75945B-3FE1-4CE1-31BE-32494C407F7E,614,18A7F963-174C-33A6-CA42-11C77CEE876F,5068,,Assigned debtor,Assigned debtor derived data,,,1,1,Y,N,None,Y,02F2FE6D-2515-6757-5033-C336093DB172,656,7A7885DA-E1B0-C4FE-5C1A-452275BEAD8D,657,6
Assigned debtor is debtor of Trade receivable(s) via Trade receivable Assigned debtor assignment,DA75945B-3FE1-4CE1-31BE-32494C407F7E,614,F152155E-2532-C083-1344-B9255026BF64,5069,,Assigned debtor,Trade receivable Assigned debtor assignment,,,*,1,Y,N,None,Y,02F2FE6D-2515-6757-5033-C336093DB172,656,0C7AB2CF-78C2-2FC0-DAA0-46CFC7856618,1336,6
"Associate (of the reporting agent) is part of Subsidiary, joint venture and associate via Subsidiary, joint venture and associate Associate assignment",DA75945B-3FE1-4CE1-31BE-32494C407F7E,614,11E56CD6-99F6-5F25-B61B-6D75B974B157,5070,,Associate (of the reporting agent),"Subsidiary, joint venture and associate Associate assignment",,,1,1,Y,N,Associate (of the reporting agent),Y,E4999F8A-CBAF-77AC-0F16-14F53133A020,658,E388C5AF-A657-668E-739A-78827095B5C6,1316,6
At cost based method or Lower of costs or market (LOCOM) indicator classifies Exchange tradable derivative position as a hedge according to national general accepted accounting principles (nGAAP),DA75945B-3FE1-4CE1-31BE-32494C407F7E,614,5119B9A2-524D-A9B4-1A6F-81FA5DCBB8DE,5071,,At cost based method or Lower of costs or market (LOCOM) indicator,Exchange tradable derivative position as a hedge according to national general accepted accounting principles (nGAAP),,,*,1,Y,N,None,N,0E57B8EA-294B-00B6-908B-2E1E6FD34468,659,B3F63A15-F3B1-62CB-02E2-0039876ACA8B,820,1
At cost based method or Lower of costs or market (LOCOM) indicator classifies Over the counter (OTC) Derivative as a hedge according to national general accepted accounting principles (nGAAP),DA75945B-3FE1-4CE1-31BE-32494C407F7E,614,615EE4C6-09B4-31FC-EABB-D55453968CC0,5072,,At cost based method or Lower of costs or market (LOCOM) indicator,Over the counter (OTC) Derivative as a hedge according to national general accepted accounting principles (nGAAP),,,*,1,Y,N,None,N,0E57B8EA-294B-00B6-908B-2E1E6FD34468,659,18A00C9B-FD63-8085-4CEA-5A788FA34539,1126,1
Available for encumbrance indicator classifies Collateral received,DA75945B-3FE1-4CE1-31BE-32494C407F7E,614,4D13E590-4E6C-CFAF-AE81-2D7013C3211F,5073,,Available for encumbrance indicator,Collateral received,,,*,1,Y,N,None,N,F0C3D82B-E24E-FAFF-2132-8BCC7A3633EE,660,DCBBAB01-3686-CCD5-A54D-EA33D1CB2ED2,701,1
Available for encumbrance indicator classifies Collateral received instrument,DA75945B-3FE1-4CE1-31BE-32494C407F7E,614,DE8D3F8C-2745-1768-D8C8-6DAB621F565D,5074,,Available for encumbrance indicator,Collateral received instrument,,,*,1,Y,N,None,N,F0C3D82B-E24E-FAFF-2132-8BCC7A3633EE,660,E50F91BD-9CAA-1F59-DEF3-6907A545578F,703,1
Available for encumbrance indicator classifies Long balance sheet recognised debt security,DA75945B-3FE1-4CE1-31BE-32494C407F7E,614,F86F3B1A-0EA3-84BA-77C7-D94661AABA21,5075,,Available for encumbrance indicator,Long balance sheet recognised security position prudential portfolio Accounting classification assignment,,,*,1,Y,N,None,N,F0C3D82B-E24E-FAFF-2132-8BCC7A3633EE,660,8C41CD82-6B5E-E1F3-6046-8A212990D177,975,1
Available for encumbrance indicator classifies non-balance sheet recognised security position,DA75945B-3FE1-4CE1-31BE-32494C407F7E,614,2F4ECC3C-7590-7A1C-AB09-282682A451A6,5076,,Available for encumbrance indicator,Non-balance sheet recognised security position ,,,*,1,Y,N,None,N,F0C3D82B-E24E-FAFF-2132-8BCC7A3633EE,660,D0F54796-D350-E3DC-FBD3-8F0AC47B6353,1021,1
Available for encumbrance indicator classifies Protection arrangement received,DA75945B-3FE1-4CE1-31BE-32494C407F7E,614,9273070D-1621-47D1-1CDB-27269905C12C,5077,,Available for encumbrance indicator,Protection arrangement received,,,*,1,Y,N,None,N,F0C3D82B-E24E-FAFF-2132-8BCC7A3633EE,660,0DE55755-69A8-375B-E4D0-2058D91A0F9D,1175,1
Balance sheet netting nets Instrument(s),DA75945B-3FE1-4CE1-31BE-32494C407F7E,614,50BFE82A-39E6-628F-C6B8-AEB697E0C5F0,5078,,Balance sheet netting,Instrument,,,*,1,Y,Y,None,N,23148432-A874-DA9F-FEEC-2D786093A281,661,54907B80-5ADD-5298-6AE7-54D1AC9CA6F6,896,5
Balance sheet recognised exchange tradable derivative asset position may have Balance sheet recognised exchange tradable derivative asset position derived data,DA75945B-3FE1-4CE1-31BE-32494C407F7E,614,3B4699B3-D84A-6F70-6E2F-47462F5F7658,5079,,Balance sheet recognised exchange tradable derivative asset position,Balance sheet recognised exchange tradable derivative asset position derived data,,,1,1,Y,N,Balance sheet recognised exchange tradable derivative asset position,Y,CD8E5291-A87C-578E-7536-20CECA5FA9A0,663,294C38FE-B973-CD4C-E310-51BFB56233FA,664,18
Balance sheet recognised exchange tradable derivative asset position taken into possession has Balance sheet recognised exchange tradable derivative asset position taken into possession derived data,DA75945B-3FE1-4CE1-31BE-32494C407F7E,614,CFA8D744-6249-7BF7-29EE-4412B981BD67,5080,,Balance sheet recognised exchange tradable derivative asset position taken into possession,Balance sheet recognised exchange tradable derivative asset position taken into possession derived data,,,1,1,Y,N,None,Y,FBCD1420-E876-0B9F-0C12-CDFC6DD20EB8,668,4D74C9EB-D462-9E5D-1F2B-C7633776FD9C,669,18
Balance sheet recognised financial asset instrument may have Balance sheet recognised financial asset instrument derived data,DA75945B-3FE1-4CE1-31BE-32494C407F7E,614,13D88993-4CCB-284E-B7E5-20F449E8AD34,5081,,Balance sheet recognised financial asset instrument,Balance sheet recognised financial asset instrument derived data,,,1,1,Y,N,Balance sheet recognised financial asset instrument,Y,D98528DD-4340-7068-DCF4-FC4EE2F41DB4,671,7843E56A-D970-2EDE-467A-EBF530A20DE5,674,6
Balance sheet recognised financial asset instrument taken into possession has Balance sheet recognised financial asset instrument taken into possession derived data,DA75945B-3FE1-4CE1-31BE-32494C407F7E,614,FDE68269-173B-90B1-531A-097FDE70788A,5082,,Balance sheet recognised financial asset instrument taken into possession,Balance sheet recognised financial asset instrument taken into possession derived data,,,1,1,Y,N,None,N,3649C4B6-CAF1-2216-8522-0BB74655A9C1,676,5A9E94C8-BB1A-90A2-D0BE-9F9B9F426CDB,677,6
Balance sheet recognition status is assigned to Balance sheet recognised financial asset instrument,DA75945B-3FE1-4CE1-31BE-32494C407F7E,614,C63A22D0-916E-13BD-49AB-A66C15511920,5083,,Balance sheet recognition status,Balance sheet recognised financial asset instrument,,,*,1,Y,N,None,N,6FF5B73E-2314-A267-3889-069CD20CFFD0,680,D98528DD-4340-7068-DCF4-FC4EE2F41DB4,671,1
Beneficiary benefits from Financial guarantee instrument(s) via Financial guarantee instrument Beneficiary assignment,DA75945B-3FE1-4CE1-31BE-32494C407F7E,614,2449C65F-E343-0373-A408-5C701420AEBE,5084,,Beneficiary,Financial guarantee instrument Beneficiary assignment,,,*,1,Y,N,None,Y,73DFA7C6-B0AA-DF48-9379-183B5D4D414E,681,516FC70D-D94E-0757-F7FD-664E20524129,848,6
Borrower borrows via Security borrowing and lending transaction Borrower assignment,DA75945B-3FE1-4CE1-31BE-32494C407F7E,614,2E6A2109-95E2-AE4E-0D95-A21737DBC89A,5085,,Borrower,Security borrowing and lending transaction Borrower assignment,,,*,1,Y,N,None,Y,5AC6805B-9854-67C1-2144-147C76F0687D,682,5A0F8750-74E4-9770-6E3A-7BDC553C5132,1259,6
Buyer buys Exchange tradable derivative position,DA75945B-3FE1-4CE1-31BE-32494C407F7E,614,8ED97D58-57AD-23B5-4EC8-5A9FAA486DF2,5086,,Buyer,Exchange tradable derivative position,,,*,1,Y,N,None,Y,4CFFA0D9-78C3-DEC6-D0A3-DE192BE46AD7,684,DB0CC98E-4E09-ADBF-024E-4EF7E3FA6604,817,6
Buyer buys Over the counter (OTC) derivatives instrument(s) via Over the counter (OTC) Derivative Buyer assignment,DA75945B-3FE1-4CE1-31BE-32494C407F7E,614,B92BB822-4A50-A794-A00B-E2ECC2A0422C,5087,,Buyer,Over the counter (OTC) Derivative Buyer assignment,,,*,1,Y,N,None,Y,4CFFA0D9-78C3-DEC6-D0A3-DE192BE46AD7,684,583A4DA9-99D9-9833-36BF-F8B8BE874981,1127,6
Central bank and private sector company acts in Central bank and private sector company role,DA75945B-3FE1-4CE1-31BE-32494C407F7E,614,760453C3-0E4B-83B6-9BDB-E00F2D580AA6,5088,,Central bank and private sector company,Central bank and private sector company role,,,*,1,Y,N,None,Y,85956057-D0C7-8869-F90B-A6A301A3A30F,688,0A8459C5-6F0E-2DFD-CCB2-4B74CD47130F,689,5
Central bank and private sector company is assigned to Rating grade(s) for issuer based rating system for non-central government via Rating grade Central bank and private sector company assignment,DA75945B-3FE1-4CE1-31BE-32494C407F7E,614,8C9A9763-CC34-7B0E-D57E-4EBB61FBF753,5089,,Central bank and private sector company,Rating grade Central bank and private sector company assignment,,,*,1,Y,N,None,Y,85956057-D0C7-8869-F90B-A6A301A3A30F,688,5DE71C99-66A5-4961-0C97-745882528C1C,1192,5
Central bank and private sector company is Immediate parent via Immediate parent enterprise assignment,DA75945B-3FE1-4CE1-31BE-32494C407F7E,614,ACCB1FE4-4A25-FEC0-BFB6-83BDB11E8DFD,5090,,Central bank and private sector company,Immediate parent enterprise assignment,,,*,1,Y,N,None,Y,85956057-D0C7-8869-F90B-A6A301A3A30F,688,72CB0826-36E0-A4B4-3525-40FB92136EC6,889,5
Central bank and private sector company is Linked enterprise via Linked enterprise assignment,DA75945B-3FE1-4CE1-31BE-32494C407F7E,614,2AA5D36A-3CB7-AF32-2791-0D50590FF31C,5091,,Central bank and private sector company,Linked enterprise assignment,,,*,1,Y,N,None,Y,85956057-D0C7-8869-F90B-A6A301A3A30F,688,37968742-5377-688E-6FDC-0D3CEA5E7033,950,5
Central bank and private sector company is Partner enterprise via Partner enterprise assignment,DA75945B-3FE1-4CE1-31BE-32494C407F7E,614,45F3773C-AB71-32B5-C55B-559BBA7DC77C,5092,,Central bank and private sector company,Partner enterprise assignment,,,*,1,Y,N,None,Y,85956057-D0C7-8869-F90B-A6A301A3A30F,688,8612644A-423D-E808-F058-A7534601A9DC,1139,5
Central government rating system has Rating grade for issuer based rating system for central government,DA75945B-3FE1-4CE1-31BE-32494C407F7E,614,D35CBE15-BA7D-06C5-CF50-21AB7C49B44C,5093,,Central government rating system,Rating grade for issuer based rating system for central government,,,*,1,N,N,None,Y,1F266798-45BC-3C0D-FD20-FBAB2FC9F795,693,21CE7102-B246-2114-FE32-460B8623528C,1197,2
Clearing member is involved in Master agreement(s) with a clearing member via Master agreement Clearing member assignment,DA75945B-3FE1-4CE1-31BE-32494C407F7E,614,328A060E-4E6A-027B-282C-D1DC649DA0A5,5094,,Clearing member,Master agreement Clearing member assignment,,,*,1,Y,N,None,Y,D0BEAA2F-AACC-045F-DFDD-9EA5C8F5A1B5,694,0A27BD5C-1071-1F0B-88FF-6EA5ED8B30D8,994,6
Collateral annex comprises Financial collateral,DA75945B-3FE1-4CE1-31BE-32494C407F7E,614,2AE30A7B-B386-18B1-7A59-391CAD28C7B9,5095,,Collateral annex,Financial collateral,,,*,1,Y,N,None,N,32D7B41A-5C63-39E3-2CDC-C815C7D4F85F,696,76BD9E69-EDB2-E5B0-AFCC-04A52742AC34,844,5
Collateral given instrument is given as collateral to Instrument via Collateral given instrument Instrument assignment,DA75945B-3FE1-4CE1-31BE-32494C407F7E,614,7DCD5B2A-5444-FFD4-08D7-3A149B93F461,5096,,Collateral given instrument,Collateral given instrument Instrument assignment,,,*,1,Y,N,None,Y,FC51FB14-8425-1E07-191C-49B6976569AA,698,68FCA69A-2031-3F8A-323B-62622A36D329,700,6
Collateral given instrument is given as protection to Debt security issued via Collateral given instrument Debt security issued assignment,DA75945B-3FE1-4CE1-31BE-32494C407F7E,614,811526BD-2CB2-E7A5-6FA4-FA1D417CFC4B,5097,,Collateral given instrument,Collateral given instrument Debt security issued assignment,,,*,1,Y,N,None,Y,FC51FB14-8425-1E07-191C-49B6976569AA,698,1FA53472-DF84-3E02-DC8C-1FA9C5F591E6,699,6
Collateral given protects Deposit(s) via Deposit Collateral given assignment,DA75945B-3FE1-4CE1-31BE-32494C407F7E,614,18755C9C-950F-D976-C4EA-CAC1EB759C3A,5098,,Collateral given,Deposit Collateral given assignment,,,*,1,Y,N,None,Y,F4547A0A-7D7D-C26A-4956-DCFBBC4E05C4,697,E52CED45-CFD3-7705-39C4-F0FC1CCFD826,772,6
Collateral given protects Loan(s) and advance via Off-balance instrument Collateral given assignment,DA75945B-3FE1-4CE1-31BE-32494C407F7E,614,A3919DFB-DB5A-7081-F82B-DA9497872891,5099,,Collateral given,Off-balance instrument Collateral given assignment,,,*,1,Y,N,None,Y,F4547A0A-7D7D-C26A-4956-DCFBBC4E05C4,697,838313BF-5398-7A18-08C7-3D12F4E8FE2C,1071,6
Collateral given protects Over the counter (OTC) Derivative instrument(s) via Over the counter (OTC) Derivative instrument Collateral given assignment,DA75945B-3FE1-4CE1-31BE-32494C407F7E,614,F8B98CE9-32EA-F653-3E73-C6AFB6A227F1,5100,,Collateral given,Over the counter (OTC) Derivative instrument Collateral given assignment,,,*,1,Y,N,None,Y,F4547A0A-7D7D-C26A-4956-DCFBBC4E05C4,697,17FE648E-4D9F-FB11-6BA6-E04B683D1BD7,1129,6
Collateral has Collateral role,DA75945B-3FE1-4CE1-31BE-32494C407F7E,614,6045DE7C-B438-877A-8EBF-E49F3DEAFC5C,5101,,Collateral,Collateral role,,,*,1,Y,N,None,Y,4793B60D-47B8-57C4-12B5-6BD21499308A,695,F6388EB7-5C3F-2BDB-A2D9-E478DD2F89DD,705,5
Collateral is involved in Credit risk mitigation assignment,DA75945B-3FE1-4CE1-31BE-32494C407F7E,614,5A2ADAAE-4B9F-4BD7-5EEE-A1A3DA4DE925,5102,,Collateral,Credit risk mitigation assignment,,,*,1,Y,N,None,Y,4793B60D-47B8-57C4-12B5-6BD21499308A,695,FBAF417B-1A11-B3D5-9C5F-16BCF562A7E2,744,5
Collateral received has Collateral received derived data,DA75945B-3FE1-4CE1-31BE-32494C407F7E,614,5AB35DE1-FA83-AA32-FBDE-3A93B6C387C1,5103,,Collateral received,Collateral received derived data,,,*,1,Y,N,None,Y,DCBBAB01-3686-CCD5-A54D-EA33D1CB2ED2,701,0E62E3F0-6FFD-E5E4-C654-80C99823D21D,702,6
Collateral received instrument has Collateral received instrument derived data,DA75945B-3FE1-4CE1-31BE-32494C407F7E,614,82B9DE23-034C-BDBA-F67B-EF5802EF25E9,5104,,Collateral received instrument,Collateral received instrument derived data,,,1,1,Y,N,Collateral received instrument,Y,E50F91BD-9CAA-1F59-DEF3-6907A545578F,703,FD26E12C-5E0A-ED3E-2934-B1B23964F406,704,6
Collateral received instrument protects Credit facility Collateral received instrument assignment,DA75945B-3FE1-4CE1-31BE-32494C407F7E,614,6F444CE9-26D6-55DC-41C4-B7DDF841A378,5105,,Collateral received instrument,Credit facility Collateral received instrument assignment,,,*,1,Y,N,None,Y,E50F91BD-9CAA-1F59-DEF3-6907A545578F,703,3D3DF7D3-3E55-EC90-1D66-B8ACC991B4AD,727,6
Collateral received instrument protects Financial asset instrument(s) via Other Instrument Collateral received instrument assignment,DA75945B-3FE1-4CE1-31BE-32494C407F7E,614,1E4380F7-6CCB-B837-CB98-E42E3EC6449D,5106,,Collateral received instrument,Instrument Collateral received instrument assignment,,,*,1,Y,N,None,Y,E50F91BD-9CAA-1F59-DEF3-6907A545578F,703,970C6EF9-779C-3173-9EDB-6226A668218D,899,6
Collateral received is assigned to protect Off-balance instrument via Off-balance instrument Collateral received assignment,DA75945B-3FE1-4CE1-31BE-32494C407F7E,614,0ED9BECE-EC2C-64B6-C7F4-39884848824C,5107,,Collateral received,Off-balance instrument Collateral received assignment,,,*,1,Y,N,None,Y,DCBBAB01-3686-CCD5-A54D-EA33D1CB2ED2,701,FEF00C66-CC8A-B061-1495-16AA9FB628D7,1072,6
Collateral received is part of Asset pool via Asset pool Collateral received assignment,DA75945B-3FE1-4CE1-31BE-32494C407F7E,614,053CE500-811E-80CC-7116-CF1B1CD1B534,5108,,Collateral received,Asset pool Collateral received assignment,,,*,1,Y,N,None,Y,DCBBAB01-3686-CCD5-A54D-EA33D1CB2ED2,701,3FB3AB42-7C91-CD5C-37CA-500B22FF713D,645,6
Collateral received protects Credit facility via Credit facility Collateral received assignment,DA75945B-3FE1-4CE1-31BE-32494C407F7E,614,36A77B2A-25CA-B675-C958-2A3FDFD3E97E,5109,,Collateral received,Credit facility Collateral received assignment,,,*,1,Y,N,None,Y,DCBBAB01-3686-CCD5-A54D-EA33D1CB2ED2,701,5E02F623-CC8D-9A20-AB10-A47E24CCF5C2,726,6
Collateral received protects Loan(s) and advance via Loan and advance Collateral received assignment,DA75945B-3FE1-4CE1-31BE-32494C407F7E,614,9B11BDDF-9ADC-A93D-AAC1-CAAE8383C46A,5110,,Collateral received,Loan and advance Collateral received assignment,,,*,1,Y,N,None,Y,DCBBAB01-3686-CCD5-A54D-EA33D1CB2ED2,701,ACDEC181-3399-411D-BD18-E28CCC37B7BC,957,6
Collateral received protects Long balance sheet recognsied security positition via Long balance sheet recognised security position Collateral received assignment,DA75945B-3FE1-4CE1-31BE-32494C407F7E,614,F505FFDD-FED8-5586-EB88-7F4F09F14282,5111,,Collateral received,Long balance sheet recognised security position collateral received assignment,,,*,1,Y,N,None,Y,DCBBAB01-3686-CCD5-A54D-EA33D1CB2ED2,701,A19587F2-EE13-306A-0074-0A19396D79CA,969,6
Collateral received protects Long non-balance sheet recognsied security positition via Long non-balance sheet recognised security position Collateral received assignment,DA75945B-3FE1-4CE1-31BE-32494C407F7E,614,25BE0EC1-0A07-593A-A186-4BA60F7749B4,5112,,Collateral received,Long non-balance sheet recognised security position collateral received assigment,,,*,1,Y,N,None,Y,DCBBAB01-3686-CCD5-A54D-EA33D1CB2ED2,701,4C20DD6D-9340-0C90-B8DC-DFD27EA83D21,983,6
Commercial real estate loan indicator classifies Loan derived data,DA75945B-3FE1-4CE1-31BE-32494C407F7E,614,126632A7-0AD8-3D3F-AC83-863B6A1D20A5,5113,,Commercial real estate loan indicator,Loan derived data,,,*,1,Y,N,None,N,8EEFC725-A75F-1642-2754-1784DB13B8F4,710,FAD7D90B-080B-90E8-CC31-C4C1885818FB,962,1
Commodity collateral is measured by Protection valuation approach,DA75945B-3FE1-4CE1-31BE-32494C407F7E,614,D76A6FCF-F12E-3E9D-438C-7A24F2865E8C,5114,,Protection valuation approach,Commodity collateral,,,*,1,Y,N,None,N,FEAECD04-84D6-BE28-0AFB-55F1488722F9,1180,4865DAE3-9A69-660D-EEB0-9859B1F19F23,711,1
Controlled by national or foreign bodies specifies Central bank and private sector company,DA75945B-3FE1-4CE1-31BE-32494C407F7E,614,23939A72-CDA7-2DB2-8CA3-E5F05DCEFB57,5115,,Controlled by national or foreign bodies,Central bank and private sector company,,,*,1,Y,N,None,N,3AFE0B22-DBD9-E041-B693-C01E7E96F6CB,713,85956057-D0C7-8869-F90B-A6A301A3A30F,688,1
Country is governed by Central government,DA75945B-3FE1-4CE1-31BE-32494C407F7E,614,E18220F9-E649-0E8C-A32C-DAEB7FEDCFCD,5116,,Country,Central government,,,1,1,N,N,Country,N,38013587-3E0F-07E3-FABD-AEF3C2ADF02B,717,E26DBBE7-6D04-816C-4350-56FC59587FE0,692,1
Country is location of Debt security with underlying assets,DA75945B-3FE1-4CE1-31BE-32494C407F7E,614,660C6944-BAC1-0133-A49C-4C960C630C70,5117,,Country,Debt security with underlying assets,,,*,1,Y,N,None,N,38013587-3E0F-07E3-FABD-AEF3C2ADF02B,717,E0F148A0-9C9D-A606-1568-84FF4AB58583,765,1
Country is rated by Rating grade for issuer based rating system(s) for central government via Rating grade Country assignment,DA75945B-3FE1-4CE1-31BE-32494C407F7E,614,1A859F80-BF1E-8A17-D425-0D1B1506A640,5118,,Country,Rating grade Country assignment,,,*,1,Y,N,None,Y,38013587-3E0F-07E3-FABD-AEF3C2ADF02B,717,E7A44111-ABF5-F2D2-9A53-2B7DA7469520,1193,1
Covered bond acts as a Covered bond issuance,DA75945B-3FE1-4CE1-31BE-32494C407F7E,614,BD8AD293-13AB-2336-1FE1-E897DFE98428,5119,,Covered bond,Covered bond issuance,,,1,1,Y,N,Covered bond,Y,ED6F6EB1-9932-F244-ACC1-C7D1E07E0540,718,3AF3CD09-7540-3718-B623-38E579D1423A,719,5
Covered bond programme comprises Covered bond issuance(s),DA75945B-3FE1-4CE1-31BE-32494C407F7E,614,B9E5228E-2115-2B18-7BA9-70B34E8157CC,5120,,Covered bond programme,Covered bond issuance,,,*,1,N,N,None,Y,459D3125-2F68-477E-EAC2-635498AA4DB0,720,3AF3CD09-7540-3718-B623-38E579D1423A,719,5
Covered bond programme has Covered bond programme relevant regime excess,DA75945B-3FE1-4CE1-31BE-32494C407F7E,614,86904621-2C00-B2AB-C712-BEBA80F57A05,5121,,Covered bond programme,Covered bond programme relevant regime excess,,,1,1,Y,N,Covered bond programme,Y,459D3125-2F68-477E-EAC2-635498AA4DB0,720,9F2A98FD-5964-307F-BF7E-35D69BC33676,721,5
Covered bond programme has excess coverage requirements calculated via Rating agency excess methodology result Covered bond programme assignment,DA75945B-3FE1-4CE1-31BE-32494C407F7E,614,52A75A01-3767-DC9C-851F-CD1A5811C7BC,5122,,Covered bond programme,Rating agency excess methodology result Covered bond programme assignment,,,*,1,Y,N,None,Y,459D3125-2F68-477E-EAC2-635498AA4DB0,720,FAF52176-CA9F-B678-2517-5A91D63FBC6F,1190,5
Credit card debt has Credit card debt Creditor assignment,DA75945B-3FE1-4CE1-31BE-32494C407F7E,614,8E430AE7-905B-3DA7-0674-8C966CB729F3,5123,,Credit card debt,Credit card debt Creditor assignment,,,1,1,Y,N,Credit card debt,Y,E15885CE-699E-B3B5-610B-AA173173EEBF,722,D74A184E-FD0B-BFCF-805F-052C4DD6AD65,723,5
Credit card debt has Debtor via Credit card debt Loan debtor assignment,DA75945B-3FE1-4CE1-31BE-32494C407F7E,614,A0083670-7A69-5B8D-44B3-0C5CA4F9FC50,5124,,Credit card debt,Credit card debt Loan debtor assignment,,,*,1,Y,N,Credit card debt,Y,E15885CE-699E-B3B5-610B-AA173173EEBF,722,5D2B58AB-9ACF-0DE8-4224-69C85E35F560,724,5
Credit facility gives rise to Instrument resulting from a Credit facility,DA75945B-3FE1-4CE1-31BE-32494C407F7E,614,7D808783-CCD3-EDAD-B7DB-6994FAB738BE,5125,,Credit facility,Instrument resulting from a Credit facility,,,*,1,Y,N,None,N,FB69AB11-CA2F-CB73-8B7F-7D06ABB9DDE3,725,047D9F8F-DE50-B427-58DB-627CA64E4F18,906,5
Credit facility has Credit facility derived data,DA75945B-3FE1-4CE1-31BE-32494C407F7E,614,DBBCD3A5-8C43-AFA7-A0B3-D7C05D19D309,5126,,Credit facility,Credit facility derived data,,,1,1,Y,N,Credit facility,Y,FB69AB11-CA2F-CB73-8B7F-7D06ABB9DDE3,725,766DB1DB-E82A-0D6B-AD29-8DF5D263186A,730,5
Credit facility has Credit facility risk data,DA75945B-3FE1-4CE1-31BE-32494C407F7E,614,8186BA83-E1D4-E0E1-ABD8-E2653D915779,5127,,Credit facility,Credit facility risk data,,,1,1,Y,N,Credit facility,Y,FB69AB11-CA2F-CB73-8B7F-7D06ABB9DDE3,725,536D9BE8-895C-32C3-C6AD-50ABD7478588,732,5
Credit facility has Creditor via Credit facility Creditor assignment,DA75945B-3FE1-4CE1-31BE-32494C407F7E,614,CDE405AC-22EA-6D70-EADA-DB5CF921752A,5128,,Credit facility,Credit facility Creditor assignment,,,1,1,Y,N,Credit facility,Y,FB69AB11-CA2F-CB73-8B7F-7D06ABB9DDE3,725,1190B810-FE41-4FFA-574E-C114BC6E93EE,728,5
Credit facility has Debtor(s) via Credit facility Debtor assignment,DA75945B-3FE1-4CE1-31BE-32494C407F7E,614,0F9C0D93-6188-BCC1-1E05-D7232E0312F9,5129,,Credit facility,Credit facility Debtor assignment,,,*,1,Y,N,None,Y,FB69AB11-CA2F-CB73-8B7F-7D06ABB9DDE3,725,50876A01-97CB-9B8D-5538-DC7CCABC188B,729,5
Credit facility has Servicer via Credit facility Servicer assignment,DA75945B-3FE1-4CE1-31BE-32494C407F7E,614,97F5A1D5-A943-23B6-1B5D-E3A1EFBB33FB,5130,,Credit facility,Credit facility Servicer assignment,,,1,1,Y,N,Credit facility,Y,FB69AB11-CA2F-CB73-8B7F-7D06ABB9DDE3,725,425714B4-12A1-0F8F-8263-5DA886C908EF,734,5
Credit facility is Credit facility with interest rate,DA75945B-3FE1-4CE1-31BE-32494C407F7E,614,494A6447-EBB1-CAB7-FC87-8B8F4818815B,5131,,Credit facility,Credit facility with interest rate,,,1,1,Y,N,Credit facility,Y,FB69AB11-CA2F-CB73-8B7F-7D06ABB9DDE3,725,10E5A864-2FE8-8E4C-13A6-0C7ABB592427,735,5
Credit facility is protected by Collateral received instrument via Credit facility Collateral received instrument assignment,DA75945B-3FE1-4CE1-31BE-32494C407F7E,614,C91AA0EB-6B53-2D42-15CF-6AD21580172A,5132,,Credit facility,Credit facility Collateral received instrument assignment,,,*,1,Y,N,None,Y,FB69AB11-CA2F-CB73-8B7F-7D06ABB9DDE3,725,3D3DF7D3-3E55-EC90-1D66-B8ACC991B4AD,727,5
Credit facility is protected by collateral via Credit facility Collateral received assignment,DA75945B-3FE1-4CE1-31BE-32494C407F7E,614,FDA0ABE6-7F31-2A9A-4A4E-A6B9489A251B,5133,,Credit facility,Credit facility Collateral received assignment,,,*,1,Y,N,None,Y,FB69AB11-CA2F-CB73-8B7F-7D06ABB9DDE3,725,5E02F623-CC8D-9A20-AB10-A47E24CCF5C2,726,5
Credit facility is provided for Traditional securitisation,DA75945B-3FE1-4CE1-31BE-32494C407F7E,614,492F4BB1-713F-DE67-9A81-46A914E14DDE,5134,,Credit facility,Traditional securitisation,,,1,1,Y,Y,Credit facility,N,FB69AB11-CA2F-CB73-8B7F-7D06ABB9DDE3,725,FA2C1C55-9919-EFA4-4644-24E333EEF6B4,1339,5
Credit facility risk data has Credit facility risk data derived data,DA75945B-3FE1-4CE1-31BE-32494C407F7E,614,2EAA9265-0445-855B-E900-FDCE2ABB8B5F,5135,,Credit facility risk data,Credit facility risk data derived data,,,1,1,Y,N,Credit facility risk data,Y,536D9BE8-895C-32C3-C6AD-50ABD7478588,732,ACF614FC-DE11-E7C1-0954-03D14F3003EB,733,5
Credit institution has credit institution derived data,DA75945B-3FE1-4CE1-31BE-32494C407F7E,614,BA08C540-4E64-DCA9-E426-FC36FF6F505A,5136,,Credit institution,Credit institution derived data,,,1,1,Y,N,None,Y,E1CF2411-15DC-A2AB-C048-023B69849A6F,736,03A4F61E-878D-5211-7EE2-51710E37F589,737,5
Creditor is creditor of Credit facility Creditor assignment,DA75945B-3FE1-4CE1-31BE-32494C407F7E,614,94B3BA3A-25E3-139A-0AE1-E0A647E76028,5137,,Creditor,Credit facility Creditor assignment,,,*,1,Y,N,None,Y,D30824D1-0C3B-E54E-308D-941032A317C3,738,1190B810-FE41-4FFA-574E-C114BC6E93EE,728,6
Creditor provides Advance(s) via Advance Creditor assignment,DA75945B-3FE1-4CE1-31BE-32494C407F7E,614,9C023B32-EBAB-D54E-1768-465072103F52,5138,,Creditor,Advance Creditor assignment,,,*,1,Y,N,None,Y,D30824D1-0C3B-E54E-308D-941032A317C3,738,DFD3F649-FB8D-DEC1-5FD2-0A109F0FAB7B,633,6
Creditor provides Credit card debt via Credit card debt Creditor assignment,DA75945B-3FE1-4CE1-31BE-32494C407F7E,614,BE64568E-8B70-CCC2-B424-4B08DA791121,5139,,Creditor,Credit card debt Creditor assignment,,,*,1,Y,N,None,Y,D30824D1-0C3B-E54E-308D-941032A317C3,738,D74A184E-FD0B-BFCF-805F-052C4DD6AD65,723,6
Creditor provides Other commitment(s) via Other commitment Creditor assignment,DA75945B-3FE1-4CE1-31BE-32494C407F7E,614,D12119BD-00AB-7FC1-097F-E0501A4E8D04,5140,,Creditor,Other commitment Creditor assignment,,,*,1,Y,N,None,Y,D30824D1-0C3B-E54E-308D-941032A317C3,738,BC34A942-50AA-98C4-D237-EEE6BD494811,1094,6
Creditor provides Other loan(s) via Other loan Creditor assignment,DA75945B-3FE1-4CE1-31BE-32494C407F7E,614,BB214538-F763-3F26-D48E-901F3A51E5B2,5141,,Creditor,Other loan Creditor assignment,,,*,1,Y,N,None,Y,D30824D1-0C3B-E54E-308D-941032A317C3,738,053AAD2F-0FEA-D5AE-2459-FE9EBEB05DEF,1106,6
Currency classifies Significant currency 10% depreciation contingent encumbrance,DA75945B-3FE1-4CE1-31BE-32494C407F7E,614,7AB99CCC-0EFE-EE58-52D6-CBB75AEEA650,5142,,Currency,Significant currency 10% depreciation contingent encumbrance,,,*,1,Y,N,None,Y,D9FEFF2E-B32D-D101-FE35-DA78D0769518,747,0FDCA4D8-B545-6B9A-4566-483B777FF9EE,1295,1
Currency is assiged to Security(s),DA75945B-3FE1-4CE1-31BE-32494C407F7E,614,49D046A2-0379-3156-87C5-3170E0AA5685,5143,,Currency,Security,,,*,1,Y,N,None,N,D9FEFF2E-B32D-D101-FE35-DA78D0769518,747,6B9C4C46-5617-E783-1C65-FB2BF74222E9,1253,1
Currency is assigned to Credit facility(s),DA75945B-3FE1-4CE1-31BE-32494C407F7E,614,5BEA60B6-14B6-CED6-E421-F0D542F2F9C7,5144,,Currency,Credit facility,,,*,1,Y,N,None,N,D9FEFF2E-B32D-D101-FE35-DA78D0769518,747,FB69AB11-CA2F-CB73-8B7F-7D06ABB9DDE3,725,1
Currency is assigned to Exchange tradable derivative,DA75945B-3FE1-4CE1-31BE-32494C407F7E,614,E7563D79-C65D-ADC2-6320-D4E8B2267C94,5145,,Currency,Exchange tradable derivative,,,*,1,Y,N,None,N,D9FEFF2E-B32D-D101-FE35-DA78D0769518,747,A6C92F7E-77E2-595C-9979-8277C560E2E9,810,1
Currency is assigned to Loan,DA75945B-3FE1-4CE1-31BE-32494C407F7E,614,57F28A68-CA1A-514D-0113-AB0D48173C95,5146,,Currency,Loan,,,*,1,Y,N,None,N,D9FEFF2E-B32D-D101-FE35-DA78D0769518,747,2F591A1C-DF86-8E7B-24D4-C62F809C445B,954,1
Currency is assigned to Over the counter (OTC) Derivative instrument,DA75945B-3FE1-4CE1-31BE-32494C407F7E,614,98B9B006-57AD-B031-EB98-2C19A2D09E59,5147,,Currency,Over the counter (OTC) Derivative instrument,,,*,1,Y,N,None,N,D9FEFF2E-B32D-D101-FE35-DA78D0769518,747,9665198A-8A15-BE5A-E137-9B7F66788D28,1128,1
Currency is assigned to Security borrowing and lending transaction cash as collateral component,DA75945B-3FE1-4CE1-31BE-32494C407F7E,614,B36124E1-41C7-59E6-D2A9-1D2F7CDFC8B8,5148,,Currency,Security borrowing and lending transaction cash as collateral component,,,*,1,Y,N,None,N,D9FEFF2E-B32D-D101-FE35-DA78D0769518,747,D1D28EE2-215B-6BEB-C084-5E41567A01A0,1260,1
Currency is base currency for Foreign exchange risk factor for standardised approach,DA75945B-3FE1-4CE1-31BE-32494C407F7E,614,86B38E13-4CA1-76E8-212B-FF1C1865321A,5149,,Currency,Foreign exchange risk factor for standardised approach,,,*,1,Y,N,None,N,D9FEFF2E-B32D-D101-FE35-DA78D0769518,747,D0C7796B-E5F7-9C50-E62C-FAACD75C2C2B,863,1
Currency is currency of record of Curvature,DA75945B-3FE1-4CE1-31BE-32494C407F7E,614,4C174DC6-3B8D-1489-9433-8774384A333F,5150,,Currency,Curvature,,,*,1,Y,N,None,N,D9FEFF2E-B32D-D101-FE35-DA78D0769518,747,F967C86E-0099-13F5-8F87-78E669CCFD22,751,1
Currency is currency of record of Delta sensitivity,DA75945B-3FE1-4CE1-31BE-32494C407F7E,614,6CAC24B9-CF9F-19C4-F257-DDD3276C72AD,5151,,Currency,Delta sensitivity,,,*,1,Y,N,None,N,D9FEFF2E-B32D-D101-FE35-DA78D0769518,747,4D9CD3E9-1041-6ADC-6DDC-FCF0393C5428,770,1
Currency is currency of record of Vega sensitivity,DA75945B-3FE1-4CE1-31BE-32494C407F7E,614,10EB90D8-2D58-330B-0D21-766AF8BD106F,5152,,Currency,Vega sensitivity,,,*,1,Y,N,None,N,D9FEFF2E-B32D-D101-FE35-DA78D0769518,747,0558DA01-39E4-7E0A-EFF1-EA936D212868,1353,1
Currency is main currency for General interest rate risk (GIRR) factor for standardised approach,DA75945B-3FE1-4CE1-31BE-32494C407F7E,614,1CEFC288-D67B-E12D-E158-F81D7614075F,5153,,Currency,General interest rate risk (GIRR) factor for standardised approach,,,*,1,Y,N,None,N,D9FEFF2E-B32D-D101-FE35-DA78D0769518,747,5F9389BD-1C3F-2C71-4DF3-6222586FF434,872,1
Currency is risk currency for Foreign exchange risk factor for standardised approach,DA75945B-3FE1-4CE1-31BE-32494C407F7E,614,7C5C114A-52ED-A78F-142B-6FE0C740E4DE,5154,,Currency,Foreign exchange risk factor for standardised approach,,,*,1,Y,N,None,N,D9FEFF2E-B32D-D101-FE35-DA78D0769518,747,D0C7796B-E5F7-9C50-E62C-FAACD75C2C2B,863,1
Currency is second currency of General interest rate risk (GIRR) factor for standardised approach,DA75945B-3FE1-4CE1-31BE-32494C407F7E,614,EBC807B4-9256-8BF6-39A8-7AA85105AFF5,5155,,Currency,General interest rate risk (GIRR) factor for standardised approach,,,*,1,Y,Y,None,N,D9FEFF2E-B32D-D101-FE35-DA78D0769518,747,5F9389BD-1C3F-2C71-4DF3-6222586FF434,872,1
Currency is used as Currency collateral(s),DA75945B-3FE1-4CE1-31BE-32494C407F7E,614,1F5C39E6-78CB-174C-60B5-25E8AABE812D,5156,,Currency,Currency collateral,,,*,1,Y,N,None,N,D9FEFF2E-B32D-D101-FE35-DA78D0769518,747,DD50FD2D-91AF-6B56-1E8E-816DC618624A,748,1
Currency specifies Cash on hand(s),DA75945B-3FE1-4CE1-31BE-32494C407F7E,614,3348DEA8-D212-153B-5A27-7DE8F92A6D39,5157,,Currency,Cash on hand,,,*,1,Y,N,None,Y,D9FEFF2E-B32D-D101-FE35-DA78D0769518,747,ECF68788-373E-1D0F-3815-7A354DDD7269,685,1
Date / period of application of forbearance measure type classifies Renegotiated debt security with forbearance measure derived data,DA75945B-3FE1-4CE1-31BE-32494C407F7E,614,D3598D3E-91F5-ACC3-E3A7-85F1F358C9B9,5158,,Date / period of application of forbearance measure type,Renegotiated debt security with forbearance measure derived data,,,*,1,Y,N,None,N,CE538650-A61E-31B3-8BC0-34C2697C90B3,752,8D978A89-965B-092A-C35E-C87EFE9312FE,1215,1
Date / period of application of forbearance measure type classifies Renegotiated financial asset instrument with forbearance measure derived data,DA75945B-3FE1-4CE1-31BE-32494C407F7E,614,16BACC07-A579-1154-F0D1-ECD7F6799BED,5159,,Date / period of application of forbearance measure type,Renegotiated financial asset instrument with forbearance measure derived data,,,*,1,Y,N,None,N,CE538650-A61E-31B3-8BC0-34C2697C90B3,752,048D458D-00B0-1F3C-D9A5-87EAE9C831CA,1219,1
Debt security has Debtor via Debt security Debtor assignment,DA75945B-3FE1-4CE1-31BE-32494C407F7E,614,AD03D970-51CE-076B-9AFF-C889ED0BC630,5160,,Debt security,Debt security Debtor assignment,,,1,1,N,N,Debt security,Y,BE76A78F-7CDB-648D-9F71-76109033434A,753,A8252FAF-D0C6-0C2A-BC0B-AF12F4C4B066,755,5
Debt security is guaranteed by Guarantor via Guarantor Debt security assignment,DA75945B-3FE1-4CE1-31BE-32494C407F7E,614,7629977C-8DFC-2DDD-DBA3-6F65B5C2EC6C,5161,,Debt security,Guarantor Debt security assignment,,,*,1,Y,N,None,Y,BE76A78F-7CDB-648D-9F71-76109033434A,753,17AAA785-8A0B-51D6-D382-07DB46384D3D,884,5
Debt security is rated by Rating grade for issue-based rating system via Rating grade for issue-based rating system Debt security assignment,DA75945B-3FE1-4CE1-31BE-32494C407F7E,614,AD291649-429B-2AD1-E641-6B567B5CA062,5162,,Debt security,Rating grade for issue-based rating system Debt security assignment,,,*,1,Y,N,None,Y,BE76A78F-7CDB-648D-9F71-76109033434A,753,9D8182AE-1F22-A772-985D-FF2C85231351,1195,5
Debt security issued (by the reporting agent) acts as Financial liability in the form of a debt security issued,DA75945B-3FE1-4CE1-31BE-32494C407F7E,614,47734718-DAA7-65EB-119E-79BDC560AD91,5163,,Debt security,Debt security issued (by the reporting agent),,,*,1,Y,N,None,Y,BE76A78F-7CDB-648D-9F71-76109033434A,753,101580C7-7A41-DBA0-F668-CA0B21D0D2A3,758,5
Debt security issued (by the reporting agent) comprises Debt security issued (by the reporting agent) Traditional securitisation assignment,DA75945B-3FE1-4CE1-31BE-32494C407F7E,614,7AEEABF3-5492-AAD1-53FA-4D2309EA7B5F,5164,,Debt security issued (by the reporting agent),Debt security issued (by the reporting agent) Traditional securitisation assignment,,,*,1,Y,N,None,Y,101580C7-7A41-DBA0-F668-CA0B21D0D2A3,758,8F67F20B-41BF-6D1D-9D6F-D70B8FCC1937,762,6
Debt security issued (by the reporting agent) has Collateral given instrument as protection via Collateral given instrument Debt security issued assignment,DA75945B-3FE1-4CE1-31BE-32494C407F7E,614,242CA108-632D-64E5-D772-E1BED647DF94,5165,,Debt security issued (by the reporting agent),Collateral given instrument Debt security issued assignment,,,*,1,Y,N,None,Y,101580C7-7A41-DBA0-F668-CA0B21D0D2A3,758,1FA53472-DF84-3E02-DC8C-1FA9C5F591E6,699,6
Debt security issued (by the reporting agent) has Debt security issued (by the reporting agent) as a hedge,DA75945B-3FE1-4CE1-31BE-32494C407F7E,614,E4B86C8C-6362-C140-0E71-10BB50972A3B,5166,,Debt security issued (by the reporting agent),Debt security issued (by the reporting agent) as a hedge,,,1,1,Y,N,Debt security issued (by the reporting agent),Y,101580C7-7A41-DBA0-F668-CA0B21D0D2A3,758,FAEB9B83-BE89-F719-6667-BF2DE4448BFE,759,6
Debt security issued (by the reporting agent) has Debt security issued (by the reporting agent) derived data,DA75945B-3FE1-4CE1-31BE-32494C407F7E,614,660A09BC-9482-83E7-146E-7DD06BD07CEC,5167,,Debt security issued (by the reporting agent),Debt security issued (by the reporting agent) derived data,,,1,1,Y,N,None,Y,101580C7-7A41-DBA0-F668-CA0B21D0D2A3,758,293B135E-4BE8-D75B-C459-0B4AE236D639,760,6
Debt security issued (by the reporting agent) is protected by Protection arrangement given via Debt security issued (by the reporting agent) Protection arrangement given assignment,DA75945B-3FE1-4CE1-31BE-32494C407F7E,614,F387D74B-2054-E38F-B9F0-EECB96968023,5168,,Debt security issued (by the reporting agent),Debt security issued (by the reporting agent) Protection arrangement given assignment,,,*,1,Y,N,None,Y,101580C7-7A41-DBA0-F668-CA0B21D0D2A3,758,4168935E-4D89-CE53-1EB0-18582CF17B3C,761,6
Debt security may have many Financial guarantee Debt security assignment(s) via Financial guarantee instrument covering a Debt security Debt security assignment,DA75945B-3FE1-4CE1-31BE-32494C407F7E,614,05BCB0E5-22ED-6F70-8F5B-C518399551C5,5169,,Debt security,Financial guarantee instrument covering a Debt security Debt security assignment,,,*,1,Y,N,None,Y,BE76A78F-7CDB-648D-9F71-76109033434A,753,7396EA3F-7D6F-426E-4EF7-9D178B684954,850,5
Default status classifies Off-balance sheet item given instrument,DA75945B-3FE1-4CE1-31BE-32494C407F7E,614,6DDF08DD-0DA6-B2A8-217D-7CF845F04D77,5170,,Default status,Off-balance sheet item given instrument,,,*,1,Y,N,None,N,AEE02076-07ED-1BEC-B9D2-09B9A3915932,767,F7CE6C6C-5F4E-2BA8-B205-B1E9F0BB3D0E,1074,1
Default status is applied to Default financial asset instrument individually assessed,DA75945B-3FE1-4CE1-31BE-32494C407F7E,614,DAB08F65-F787-5DB9-9CAD-8B67095355B0,5171,,Default status,Default financial asset instrument individually assessed,,,*,1,Y,N,None,N,AEE02076-07ED-1BEC-B9D2-09B9A3915932,767,DA151DC7-7B94-A55E-0D48-C21F53769CFF,766,1
Default status is applied to Party risk data,DA75945B-3FE1-4CE1-31BE-32494C407F7E,614,E47B10CE-D712-DCF7-5CF2-06940746BE56,5172,,Default status,Party risk data,,,*,1,Y,N,None,N,AEE02076-07ED-1BEC-B9D2-09B9A3915932,767,66149CD5-EEE9-54D5-6A86-244769D4C7F3,1145,1
Deposit belongs to Depositor via Deposit Depositor assignment,DA75945B-3FE1-4CE1-31BE-32494C407F7E,614,3357D046-122E-10F3-4620-0B02A26691A4,5173,,Deposit,Deposit Depositor assignment,,,1,1,Y,N,Deposit,Y,9CCB209C-1981-3086-B589-367D457CE9CD,771,7991FFB7-6B28-808F-97AC-6FFBC72BCF2E,773,5
Deposit has Deposit derived data,DA75945B-3FE1-4CE1-31BE-32494C407F7E,614,307859F1-A885-F8DE-B232-0108C63911AC,5174,,Deposit,Deposit derived data,,,1,1,Y,N,Deposit,Y,9CCB209C-1981-3086-B589-367D457CE9CD,771,A6BF8E78-5734-C904-CE61-12433E250D73,775,5
Deposit is part of Asset pool Deposit assignment,DA75945B-3FE1-4CE1-31BE-32494C407F7E,614,E9CE7698-3A96-898C-6C81-A67B2FD1FCFA,5175,,Deposit,Asset pool Deposit assignment,,,*,1,Y,N,None,Y,9CCB209C-1981-3086-B589-367D457CE9CD,771,D143C8B3-BD28-54B3-0EFA-ECB88CD47327,646,5
Deposit is protected by Protection item via Deposit Collateral given assignment,DA75945B-3FE1-4CE1-31BE-32494C407F7E,614,4F778DBB-899E-624B-7F6B-A0726B8D2540,5176,,Deposit,Deposit Collateral given assignment,,,*,1,Y,N,None,Y,9CCB209C-1981-3086-B589-367D457CE9CD,771,E52CED45-CFD3-7705-39C4-F0FC1CCFD826,772,5
Deposit is provided by Deposit-taking corporation via Deposit Deposit-taking corporation assignment,DA75945B-3FE1-4CE1-31BE-32494C407F7E,614,B3416C6E-C4B7-6F15-BC6D-BB6D7AB167B1,5177,,Deposit,Deposit Deposit-taking corporation assignment,,,*,1,Y,N,Deposit,Y,9CCB209C-1981-3086-B589-367D457CE9CD,771,5B77D927-F7BE-DD1D-6A5C-64ACEBF9CC05,774,5
Depositor owns Deposit(s) via Deposit Depositor assignment,DA75945B-3FE1-4CE1-31BE-32494C407F7E,614,0E643560-C394-AFFB-8D5F-90DC131107DA,5178,,Depositor,Deposit Depositor assignment,,,*,1,Y,N,None,Y,5E416CB6-0852-9D11-8296-1740EE60DF6C,776,7991FFB7-6B28-808F-97AC-6FFBC72BCF2E,773,6
Deposit protects Tranche in a synthetic securitisation without securitisation special purpose entity (SSPE) being a deposit via Tranche in a synthetic securitisation without SSPE being a deposit,DA75945B-3FE1-4CE1-31BE-32494C407F7E,614,8C0F374F-AB55-7C9D-0BC8-95A3E8570D36,5179,,Deposit,Tranche in a synthetic securitisation without securitisation special purpose entity (SSPE) being a deposit,,,1,1,Y,N,Deposit,Y,9CCB209C-1981-3086-B589-367D457CE9CD,771,3816F7B6-FE7A-DDAD-3E37-FFD4314F896E,1342,5
Deposit-taking corporation has Deposit-taking corporation derived data,DA75945B-3FE1-4CE1-31BE-32494C407F7E,614,DEDDB4C2-EB5E-E5B5-8CEF-1C38FEE76610,5180,,Deposit-taking corporation,Deposit-taking corporation derived data,,,1,1,Y,N,None,Y,4A502F49-3E3C-81C4-5608-7F4401EDE34A,778,8BFE7241-BBA2-D986-8B77-8BDB6AE35081,779,6
Deposit-taking corporation provides Deposit(s) via Deposit Deposit-taking corporation assignment,DA75945B-3FE1-4CE1-31BE-32494C407F7E,614,12D54D84-0765-342D-D721-1761CCD8A2FF,5181,,Deposit-taking corporation,Deposit Deposit-taking corporation assignment,,,*,1,Y,N,None,Y,4A502F49-3E3C-81C4-5608-7F4401EDE34A,778,5B77D927-F7BE-DD1D-6A5C-64ACEBF9CC05,774,6
Derived default status is derived for Long debt security position derived data,DA75945B-3FE1-4CE1-31BE-32494C407F7E,614,62B0CF8A-CFB9-57CB-6EFD-2009BEFB10F0,5182,,Derived default status,Long balance sheet recognised debt security position prudential portfolio Accounting classification assignment derived data,,,*,1,Y,Y,None,N,E9536D61-7E1C-2898-E0A7-6AA3EAC169A0,781,479DE3FE-780A-3BCF-AED6-7EBC388AE0DD,966,1
Derived default status is derived for Off-balance sheet item given instrument derived data,DA75945B-3FE1-4CE1-31BE-32494C407F7E,614,FA6262AE-E43C-743A-9D06-3408AB11E781,5183,,Derived default status,Off-balance sheet item given instrument derived data,,,*,1,Y,N,None,N,E9536D61-7E1C-2898-E0A7-6AA3EAC169A0,781,41AF9BCF-3A30-E769-02F3-A0FD1ACDC86E,1075,1
Derived default status is derived in Credit facility risk data derived data,DA75945B-3FE1-4CE1-31BE-32494C407F7E,614,C27F1743-D766-56FB-979D-FEAC53C4393B,5184,,Derived default status,Credit facility risk data derived data,,,*,1,Y,N,None,N,E9536D61-7E1C-2898-E0A7-6AA3EAC169A0,781,ACF614FC-DE11-E7C1-0954-03D14F3003EB,733,1
Derived default status is derived in Financial asset instrument derived data,DA75945B-3FE1-4CE1-31BE-32494C407F7E,614,C3919E17-89E5-FB4B-6FE4-A4C3B816A8CD,5185,,Derived default status,Financial asset instrument derived data,,,*,1,Y,Y,None,N,E9536D61-7E1C-2898-E0A7-6AA3EAC169A0,781,6CBCC0E7-4D57-A936-5273-6A99009949C4,842,1
Domestic institutional unit comprises Organisation,DA75945B-3FE1-4CE1-31BE-32494C407F7E,614,5BCE76C9-B35B-6C72-5A8E-16FD7BBA99B3,5186,,Domestic institutional unit,Organisation,,,*,1,Y,Y,None,N,92EA0EE2-9231-25BD-E81C-498A2B560724,784,36F4F142-0055-6B37-EB1E-64DFB173402F,1083,5
Early redemptions included type classifies Security,DA75945B-3FE1-4CE1-31BE-32494C407F7E,614,F98F7CBB-6F1E-E35E-DB02-B5867CDC71ED,5187,,Early redemptions included type,Security,,,*,1,Y,N,None,N,2F642772-B370-F91D-EDE4-621EC12A41A2,785,6B9C4C46-5617-E783-1C65-FB2BF74222E9,1253,1
ECA / ECAI classifies Rating agency(ies),DA75945B-3FE1-4CE1-31BE-32494C407F7E,614,A9B11F04-D4C8-F39F-857C-4F78B5E18B93,5188,,ECA / ECAI,Rating agency,,,*,1,Y,N,None,N,467A5EFF-E587-6C10-6578-0DB70791A48B,786,619A31E0-3703-F2FC-5946-75EE5A48E9D4,1189,1
Eligible for central bank funding type classifies Debt security(ies),DA75945B-3FE1-4CE1-31BE-32494C407F7E,614,031CE2C9-93CA-81FD-A21A-98FEDF8719D7,5189,,Eligible for central bank funding,Debt security,,,*,1,Y,N,None,N,BEE5808D-E831-D164-949D-8EF08AC228C8,787,BE76A78F-7CDB-648D-9F71-76109033434A,753,1
Eligible for central bank funding type classifies Equity instrument that is not a security,DA75945B-3FE1-4CE1-31BE-32494C407F7E,614,37A874F8-09F5-D695-1473-867707FF06AD,5190,,Eligible for central bank funding,Equity instrument that is not a security,,,*,1,Y,N,None,N,BEE5808D-E831-D164-949D-8EF08AC228C8,787,8A8D0D02-20AB-A34A-0960-5F899B0B8A56,797,1
Eligible for central bank funding type classifies Equity security,DA75945B-3FE1-4CE1-31BE-32494C407F7E,614,52B7061C-515A-036E-750F-F54B0625D1BC,5191,,Eligible for central bank funding,Equity security,,,*,1,Y,N,None,N,BEE5808D-E831-D164-949D-8EF08AC228C8,787,D160A65D-BF4D-FF4B-8C35-6FDE2EF7DFAE,804,1
Eligible for central bank funding type classifies Loan and advance,DA75945B-3FE1-4CE1-31BE-32494C407F7E,614,1299A378-4D76-BEF3-5B09-2DD5BA316849,5192,,Eligible for central bank funding,Loan and advance,,,*,1,Y,N,None,N,BEE5808D-E831-D164-949D-8EF08AC228C8,787,B6FD5D89-A17A-4780-AA57-0259F91E0630,955,1
Encumbered asset indicator classifies Cash on hand,DA75945B-3FE1-4CE1-31BE-32494C407F7E,614,A8219D05-3998-C4B2-4ADA-4FF9AE471D39,5193,,Encumbered asset indicator,Cash on hand,,,*,1,Y,N,None,Y,89A25A88-DF54-C195-6643-F9649C0AB478,789,ECF68788-373E-1D0F-3815-7A354DDD7269,685,1
Encumbered asset indicator classifies Collateral received,DA75945B-3FE1-4CE1-31BE-32494C407F7E,614,15C52361-18B0-6E1C-5A19-50222DE92284,5194,,Encumbered asset indicator,Collateral received,,,*,1,Y,N,None,N,89A25A88-DF54-C195-6643-F9649C0AB478,789,DCBBAB01-3686-CCD5-A54D-EA33D1CB2ED2,701,1
Encumbered asset indicator classifies Credit facility,DA75945B-3FE1-4CE1-31BE-32494C407F7E,614,1571B203-F9F4-2FCA-49F5-3B3CBB631187,5195,,Encumbered asset indicator,Credit facility,,,*,1,Y,N,None,N,89A25A88-DF54-C195-6643-F9649C0AB478,789,FB69AB11-CA2F-CB73-8B7F-7D06ABB9DDE3,725,1
Encumbered asset indicator classifies Exchange tradable derivative asset position,DA75945B-3FE1-4CE1-31BE-32494C407F7E,614,94C2DFC9-118C-5641-A114-566A44A7F3A7,5196,,Encumbered asset indicator,Exchange tradable derivative asset position,,,*,1,Y,N,None,N,89A25A88-DF54-C195-6643-F9649C0AB478,789,4E309E14-0529-7D49-122C-2DE4FC2B2198,812,1
Encumbered asset indicator classifies Financial asset instrument,DA75945B-3FE1-4CE1-31BE-32494C407F7E,614,1DED57B2-2C9A-FA1A-7C64-247101121FA6,5197,,Encumbered asset indicator,Financial asset instrument,,,*,1,Y,Y,None,N,89A25A88-DF54-C195-6643-F9649C0AB478,789,AC25CE06-349E-2EC8-DA05-FFD6B8759432,840,1
Encumbered asset indicator classifies Long balance sheet recognised security position,DA75945B-3FE1-4CE1-31BE-32494C407F7E,614,DB5D620C-4370-53D2-BD1C-5BE9A9304702,5198,,Encumbered asset indicator,Long balance sheet recognised security position prudential portfolio Accounting classification assignment,,,*,1,Y,N,None,N,89A25A88-DF54-C195-6643-F9649C0AB478,789,8C41CD82-6B5E-E1F3-6046-8A212990D177,975,1
Encumbered asset indicator classifies non- balance sheet recognised security position,DA75945B-3FE1-4CE1-31BE-32494C407F7E,614,E56D19AE-0BFC-98B2-BD26-DAB8DB8D68F3,5199,,Encumbered asset indicator,Non-balance sheet recognised security position ,,,*,1,Y,N,None,N,89A25A88-DF54-C195-6643-F9649C0AB478,789,D0F54796-D350-E3DC-FBD3-8F0AC47B6353,1021,1
Enterprise size (calculated) is calculated for Party previous period data,DA75945B-3FE1-4CE1-31BE-32494C407F7E,614,FA930BF5-26EC-3CEF-2467-56A9D5EB7FBD,5200,,Enterprise size (calculated),Party previous period data,,,*,1,Y,N,None,N,DD58D100-8E07-C96E-9247-8C2B3E9E64FE,791,9BC3536B-8321-4DC1-DBFD-E8B4652D40E2,1144,1
Enterprise size is assigned to Party derived data,DA75945B-3FE1-4CE1-31BE-32494C407F7E,614,31D60F69-937A-BC75-BFAE-5C2B40AB06FA,5201,,Enterprise size,Party,,,*,1,Y,N,None,N,6B124BC2-A918-3C18-5BC9-C01912E19508,790,68582837-AD3C-8E9C-DB5E-68322CD1DE08,1140,1
Enterprise type classifies Central bank and private sector company(ies),DA75945B-3FE1-4CE1-31BE-32494C407F7E,614,8CEC72B1-CE3F-BDE1-0210-0452A878CD15,5202,,Enterprise type,Central bank and private sector company,,,*,1,Y,N,None,N,640F6922-F9EE-51D8-1152-A6AE271F0417,792,85956057-D0C7-8869-F90B-A6A301A3A30F,688,1
Equity instrument that is not a security had Equity instrument that is not a security as a hedge,DA75945B-3FE1-4CE1-31BE-32494C407F7E,614,E85215D3-072A-95A2-8335-0295CC00A2DE,5203,,Equity instrument that is not a security,Equity instrument that is not a security as a hedge,,,1,1,Y,N,Equity instrument that is not a security,Y,8A8D0D02-20AB-A34A-0960-5F899B0B8A56,797,30FE22A5-7D6D-B178-7F24-11F6D029B691,798,5
Equity instrument that is not a security Investor assignment has Investor(s),DA75945B-3FE1-4CE1-31BE-32494C407F7E,614,08A2CC28-1745-C3C5-7B8F-640ED88DD521,5204,,Equity instrument that is not a security,Equity instrument that is not a security Investor assignment,,,*,1,Y,N,None,Y,8A8D0D02-20AB-A34A-0960-5F899B0B8A56,797,5F922971-19B4-F2FA-B9EB-ADA753EAE6A3,799,5
Equity instrument that is not a security is part of Asset pool via Asset pool Equity instrument that is not a security assignment,DA75945B-3FE1-4CE1-31BE-32494C407F7E,614,A00CAEB0-4EBD-8EEA-4F2C-A1B26FFB0D6C,5205,,Equity instrument that is not a security,Asset pool Equity instrument that is not a security assignment,,,*,1,Y,N,None,Y,8A8D0D02-20AB-A34A-0960-5F899B0B8A56,797,95029E39-5435-2C4B-B75A-AA3013E2D9E7,648,5
Equity instrument that is not a security Issuer assignment has Issuer,DA75945B-3FE1-4CE1-31BE-32494C407F7E,614,0B68DCC9-6C8E-DA93-9ECA-FE8A964623FA,5206,,Equity instrument that is not a security,Equity instrument that is not a security Issuer assignment,,,1,1,Y,N,Equity instrument that is not a security,Y,8A8D0D02-20AB-A34A-0960-5F899B0B8A56,797,E681DB13-7A71-E87E-35B0-7DFAA0510D17,800,5
Equity security has Equity risk factor for standardised approach,DA75945B-3FE1-4CE1-31BE-32494C407F7E,614,0EABFA84-186D-4E3E-518E-05F8BD90E445,5207,,Equity security,Equity risk factor for standardised approach,,,1,1,Y,N,None,N,D160A65D-BF4D-FF4B-8C35-6FDE2EF7DFAE,804,C2014617-CE32-E7F2-B8AE-95111CEDC71D,803,5
European Union member address hosts European Union member party,DA75945B-3FE1-4CE1-31BE-32494C407F7E,614,D5B440F6-4E38-3BC8-2390-B9EC07B9A3D2,5208,,European Union member address,European Union member party,,,*,1,Y,N,None,N,4C5B9F82-190D-AF25-BC51-7E18BC5BA50F,806,AAF84954-725A-E258-FAD5-A53D93BB8C73,808,5
European Union member country contains Region(s),DA75945B-3FE1-4CE1-31BE-32494C407F7E,614,3C47AF0F-16B3-EA7B-8741-EEAD321ADFAC,5209,,European Union member country,Region,,,*,1,Y,N,None,Y,44A8A97C-9DA5-A3A4-039A-20869CE17076,807,E2FC71EA-36BB-8035-60D5-083C755E9211,1206,1
European Union member postal code has European Union member address,DA75945B-3FE1-4CE1-31BE-32494C407F7E,614,3C6ABCDA-A957-D386-30D0-65833BD5AD58,5210,,European Union member postal code,European Union member address,,,*,1,Y,N,None,Y,4E95C06E-6270-82A0-1DBC-C82A9C39D218,809,4C5B9F82-190D-AF25-BC51-7E18BC5BA50F,806,3
European Union member postal code is location of Real estate collateral located in a member state,DA75945B-3FE1-4CE1-31BE-32494C407F7E,614,75A123C8-63DA-E931-412B-C93E60035587,5211,,European Union member postal code,Real estate collateral located in a member state,,,*,1,Y,N,None,N,4E95C06E-6270-82A0-1DBC-C82A9C39D218,809,9A33EBEF-B597-8677-29D2-6EE7D9818987,1202,3
Exchange tradable derivative has by Exchange tradable derivative derived data,DA75945B-3FE1-4CE1-31BE-32494C407F7E,614,C87DCC58-4799-3332-90A9-05FE3B98181D,5212,,Exchange tradable derivative,Exchange tradable derivative derived data,,,1,1,Y,N,Exchange tradable derivative,Y,A6C92F7E-77E2-595C-9979-8277C560E2E9,810,C4C2135B-38B1-CDDC-3BB9-1271C559BEF7,814,5
Exchange tradable derivative is collateral in Exchange tradable derivative collateral,DA75945B-3FE1-4CE1-31BE-32494C407F7E,614,A384A377-5D06-FC01-A19E-DE2B0F2B5723,5213,,Exchange tradable derivative,Exchange tradable derivative collateral,,,*,1,Y,N,None,N,A6C92F7E-77E2-595C-9979-8277C560E2E9,810,C2CD3BDF-22BC-1FC6-0BAB-2CDA5B996B9C,813,5
Exchange tradable derivative is involved in Exchange tradable derivative position(s),DA75945B-3FE1-4CE1-31BE-32494C407F7E,614,A398C719-5892-98A5-B2B5-0D445B94A713,5214,,Exchange tradable derivative,Exchange tradable derivative position,,,*,1,Y,N,None,Y,A6C92F7E-77E2-595C-9979-8277C560E2E9,810,DB0CC98E-4E09-ADBF-024E-4EF7E3FA6604,817,5
Exchange tradable derivative is part of Asset pool via Asset pool Exchange tradable derivative position assignment,DA75945B-3FE1-4CE1-31BE-32494C407F7E,614,2A3959C9-6BE9-28C4-59F0-4C05D35E6235,5215,,Exchange tradable derivative position,Asset pool Exchange tradable derivative position assignment,,,*,1,Y,N,None,Y,DB0CC98E-4E09-ADBF-024E-4EF7E3FA6604,817,4CAD27AF-0587-C396-A72B-839760CF6C56,649,17
Exchange tradable derivative liability position comprises Exchange tradable derivative liability position Synthetic securitisation assignment,DA75945B-3FE1-4CE1-31BE-32494C407F7E,614,550EF037-BC9F-567A-F8EF-D11A87B23153,5216,,Exchange tradable derivative liability position,Exchange tradable derivative liability position Synthetic securitisation assignment,,,*,1,Y,N,None,Y,A5169C55-A549-B957-4273-12882244BA42,815,C89D083A-8940-4234-8E2C-3D6C4BA4C14C,816,18
Exchange tradable derivative position acts in Exchange tradable derivative position role,DA75945B-3FE1-4CE1-31BE-32494C407F7E,614,B730E594-2D36-60F2-7647-689AE46A53B7,5217,,Exchange tradable derivative position,Exchange tradable derivative position role,,,*,1,Y,N,Exchange tradable derivative position,Y,DB0CC98E-4E09-ADBF-024E-4EF7E3FA6604,817,F5D2DB0E-E7B0-7BE6-0D84-ECDEDCC20B08,823,17
Exchange tradable derivative position as a hedge hedges instrument via Instrument hedged by Exchange tradable derivative position,DA75945B-3FE1-4CE1-31BE-32494C407F7E,614,51A59F88-6214-2C67-55B2-66DC2423A967,5218,,Exchange tradable derivative position as a hedge,Instrument hedged by Exchange tradable derivative position,,,*,1,Y,N,None,Y,6EEE9DB7-67AC-D2CA-13A9-4ED84E7604F3,818,474EA1B1-88C5-D308-02FE-3F5149F8FFBC,901,18
Exchange tradable derivative position as a hedge hedges security position via Security position hedged by Exchange tradable derivative position,DA75945B-3FE1-4CE1-31BE-32494C407F7E,614,8442152C-F267-8AA9-DA6B-20A80489A552,5219,,Exchange tradable derivative position as a hedge,Security position hedged by Exchange tradable derivative position,,,*,1,Y,N,None,Y,6EEE9DB7-67AC-D2CA-13A9-4ED84E7604F3,818,D9629432-8D04-BBF6-99F1-614B21EDC17C,1279,18
Exchange tradable derivative position is secured via Exchange tradable derivative position Protection arrangement received assignment,DA75945B-3FE1-4CE1-31BE-32494C407F7E,614,7E0FEA52-495C-9698-A3CB-5C3CEA9DE15E,5220,,Exchange tradable derivative position,Exchange tradable derivative position Protection arrangement received assignment,,,*,1,Y,N,None,Y,DB0CC98E-4E09-ADBF-024E-4EF7E3FA6604,817,6FA22E39-DFFC-6D2F-B4F5-ABC2E490B735,822,17
Exchange tradable derivative position is secured via Protection arrangement given Exchange tradable derivative position assignment,DA75945B-3FE1-4CE1-31BE-32494C407F7E,614,A248B3B7-4F55-687D-25AB-85C9AA9A2070,5221,,Exchange tradable derivative position,Protection arrangement given Exchange tradable derivative position assignment,,,*,1,Y,N,None,Y,DB0CC98E-4E09-ADBF-024E-4EF7E3FA6604,817,CF1B30B0-91DC-D42E-461A-003AF35F1298,1173,17
Exchange tradable derivative position specifies Fundamental review of the trading book standard approach risk measure for ETD positions,DA75945B-3FE1-4CE1-31BE-32494C407F7E,614,F51180C2-AEF2-091C-0A63-812511463E2D,5222,,Exchange tradable derivative position,Fundamental review of the trading book standard approach risk measure for ETD positions,,,*,1,Y,N,None,Y,DB0CC98E-4E09-ADBF-024E-4EF7E3FA6604,817,8A0875EC-6B6E-AC1A-CD23-71EC954DDA91,866,17
Exposure with recourse type classifies Financial asset instrument,DA75945B-3FE1-4CE1-31BE-32494C407F7E,614,C16D36F7-9386-67A2-E71A-1468EA250128,5223,,Exposure with recourse type,Financial asset instrument,,,*,1,Y,N,None,N,FACCDAF1-82A0-BEF4-AA69-7A0B5DF75791,826,AC25CE06-349E-2EC8-DA05-FFD6B8759432,840,1
Factoring has Factoring cash reserve,DA75945B-3FE1-4CE1-31BE-32494C407F7E,614,9E6ED67A-B33C-09A4-FB0E-7531F05193B3,5224,,Factoring,Factoring cash reserve,,,1,1,Y,N,Factoring,Y,44D38768-EAE7-DF26-2EAE-41C26D620E19,828,68E6CBD4-FAA8-68A0-31D1-1DDE81E3072B,829,5
Factor provides service for Trade receivable(s) via Trade receivable Factor assignment,DA75945B-3FE1-4CE1-31BE-32494C407F7E,614,901D0CA1-A4BA-DE32-660F-A6D66AB1514B,5225,,Factor,Trade receivable Factor assignment,,,*,1,Y,N,None,Y,D890D5C1-687D-71E9-E183-0305F7E652E9,827,20E8D039-861C-CE2E-A9AF-EC81951BC568,1338,6
Fair value hierarchy classifies Fair-valued balance sheet recognised exchange tradable derivative liability position,DA75945B-3FE1-4CE1-31BE-32494C407F7E,614,75D95AED-E021-27CB-3EF9-57EC5823845F,5226,,Fair value hierarchy,Fair-valued balance sheet recognised exchange tradable derivative liability position,,,*,1,Y,N,None,N,9EEF3A9C-FB68-FB5C-D415-BF06BBA8ABC0,837,340FDB13-3D73-19D0-AF2B-2C3001D66BCF,831,1
Fair value hierarchy classifies Fair-valued debt security issued,DA75945B-3FE1-4CE1-31BE-32494C407F7E,614,0D56564F-4393-C7A1-E4BC-5E930965E781,5227,,Fair value hierarchy,Fair-valued debt security issued,,,*,1,Y,N,None,N,9EEF3A9C-FB68-FB5C-D415-BF06BBA8ABC0,837,EA26AC91-1C56-4FDD-5A1D-14F80815289D,836,1
Fair value hierarchy classifies Off-balance sheet item given instrument,DA75945B-3FE1-4CE1-31BE-32494C407F7E,614,46B0955B-C6C0-CD7A-82C3-01EAF95BC0DD,5228,,Fair value hierarchy,Off-balance sheet item given instrument,,,*,1,Y,N,None,N,9EEF3A9C-FB68-FB5C-D415-BF06BBA8ABC0,837,F7CE6C6C-5F4E-2BA8-B205-B1E9F0BB3D0E,1074,1
Fair value hierarchy is applied to Fair-valued balance sheet recognised exchange tradable derivative asset position(s),DA75945B-3FE1-4CE1-31BE-32494C407F7E,614,912EC7C5-04DC-7329-31C6-0F6F0484CFCD,5229,,Fair value hierarchy,Fair-valued balance sheet recognised exchange tradable derivative asset position,,,*,1,Y,N,None,N,9EEF3A9C-FB68-FB5C-D415-BF06BBA8ABC0,837,25B6E19C-6E87-1205-21A4-D2CBC0F2DA33,830,1
Fair value hierarchy is applied to Fair-valued balance sheet recognised financial asset instrument,DA75945B-3FE1-4CE1-31BE-32494C407F7E,614,2025121C-7895-5819-56D6-F68879A0154B,5230,,Fair value hierarchy,Fair-valued balance sheet recognised financial asset instrument,,,*,1,Y,N,None,N,9EEF3A9C-FB68-FB5C-D415-BF06BBA8ABC0,837,6EA2DC76-D934-31FF-0F50-9163379977FB,832,1
Fair value hierarchy is applied to Long balance sheet recognised security position prudential portfolio Accounting classification assignment,DA75945B-3FE1-4CE1-31BE-32494C407F7E,614,EC0C67BD-42E2-DE4A-080B-D3EF0E679C5B,5231,,Fair value hierarchy,Long balance sheet recognised security position prudential portfolio Accounting classification assignment,,,*,1,Y,N,None,N,9EEF3A9C-FB68-FB5C-D415-BF06BBA8ABC0,837,8C41CD82-6B5E-E1F3-6046-8A212990D177,975,1
Fair value hierarchy is applied to Short balance sheet recognised security position,DA75945B-3FE1-4CE1-31BE-32494C407F7E,614,E863031C-F70D-A7FE-6860-41AD76E37C0C,5232,,Fair value hierarchy,Short balance sheet recognised security position,,,*,1,Y,N,None,N,9EEF3A9C-FB68-FB5C-D415-BF06BBA8ABC0,837,850F83C9-C65D-C113-BD51-97E3BCE64216,1287,1
Fair value hierarchy is classifies to Fair-valued balance sheet recognised financial liability instrument,DA75945B-3FE1-4CE1-31BE-32494C407F7E,614,131D409C-5C93-152D-EA9C-8DC710749A21,5233,,Fair value hierarchy,Fair-valued balance sheet recognised financial liability instrument,,,*,1,Y,N,None,N,9EEF3A9C-FB68-FB5C-D415-BF06BBA8ABC0,837,CD6CA4D6-73F4-227E-86A5-6945C7ACAF0B,833,1
Fair value option designation for financial assets is assigned to Balance sheet recognised financial asset instrument according to International Financial Reporting Standard (IFRS),DA75945B-3FE1-4CE1-31BE-32494C407F7E,614,7B3708D9-B75F-757F-B897-CDB272F26187,5234,,Fair value option designation,Balance sheet recognised financial asset instrument according to International Financial Reporting Standard (IFRS),,,*,1,Y,N,None,N,2EA243FA-4C22-1517-47B4-2222CB91C9BC,838,7339446F-A4AD-062D-76D4-8576DD58D4C0,672,1
Fair value option designation for financial liabilities is assigned to Fair-valued balance sheet recognised financial liability instrument,DA75945B-3FE1-4CE1-31BE-32494C407F7E,614,C3E5F73D-E7F2-AEEB-FE6C-F09F63ECEE8F,5235,,Fair value option designation,Fair-valued balance sheet recognised financial liability instrument,,,*,1,Y,N,None,N,2EA243FA-4C22-1517-47B4-2222CB91C9BC,838,CD6CA4D6-73F4-227E-86A5-6945C7ACAF0B,833,1
Fair value option designation for financial liabilities is assigned to Fair-valued debt security issued,DA75945B-3FE1-4CE1-31BE-32494C407F7E,614,EFDE65F0-50A3-A84E-B0B8-101DD7BB94F6,5236,,Fair value option designation,Fair-valued debt security issued,,,*,1,Y,N,None,N,2EA243FA-4C22-1517-47B4-2222CB91C9BC,838,EA26AC91-1C56-4FDD-5A1D-14F80815289D,836,1
Fair value option designation  is assigned to Long balance sheet recognised security position prudential portfolio Accounting classification assignment International Financial Reporting Standard (IFRS),DA75945B-3FE1-4CE1-31BE-32494C407F7E,614,D17EE05E-5ADB-73A6-4B3C-E3BE93F5DEEB,5237,,Fair value option designation,Long balance sheet recognised security position prudential portfolio Accounting classification assignment International Financial Reporting Standard (IFRS),,,*,1,Y,N,None,N,2EA243FA-4C22-1517-47B4-2222CB91C9BC,838,D0DA242A-CE58-0135-96E7-2A0902B094A6,976,1
Fiduciary asset type classifies Balance sheet recognised exchange tradable derivative asset position national general accepted accounting principles (nGAAP),DA75945B-3FE1-4CE1-31BE-32494C407F7E,614,B13A8EF4-7AFB-16C7-873E-3BDC8AA41686,5238,,Fiduciary asset type,Balance sheet recognised exchange tradable derivative asset position national general accepted accounting principles (nGAAP),,,*,1,Y,N,None,N,B50A98FB-FDAE-986A-4B6B-BD575BC67B81,839,1611694B-A4DE-A526-FC85-F29979BB4F86,666,1
Fiduciary asset type classifies Balance sheet recognised financial asset instrument according to national general accepted accounting principles (nGAAP),DA75945B-3FE1-4CE1-31BE-32494C407F7E,614,A75E973A-9032-957D-F952-4866F9C945E7,5239,,Fiduciary asset type,Balance sheet recognised financial asset instrument according to national general accepted accounting principles (nGAAP),,,*,1,Y,N,None,N,B50A98FB-FDAE-986A-4B6B-BD575BC67B81,839,1E5225EA-0D2F-D1B2-6C9F-4B53FABBD3E9,673,1
Fiduciary asset type classifies Long balance sheet recognised security position Accounting classification assignment national general accepted accounting principles (nGAAP) fiduciary asset,DA75945B-3FE1-4CE1-31BE-32494C407F7E,614,DBD5AB89-241A-31FD-151C-8E2E84D731F6,5240,,Fiduciary asset type,Long balance sheet recognised security position prudential portfolio Accounting classification assignment national general accepted accounting principles (nGAAP) fiduciary item,,,*,1,Y,N,None,N,B50A98FB-FDAE-986A-4B6B-BD575BC67B81,839,9358543A-2022-A951-BFA8-CF33C6D91053,978,1
Fiduciary asset type classifies Non-balance sheet recognised financial asset instrument according to national general accepted accounting principles (nGAAP),DA75945B-3FE1-4CE1-31BE-32494C407F7E,614,1DA1D55F-C9FB-1A96-41E7-4E479BCE3AB2,5241,,Fiduciary asset type,Non-balance sheet recognised financial asset instrument according to national general accepted accounting principles (nGAAP),,,*,1,Y,N,None,N,B50A98FB-FDAE-986A-4B6B-BD575BC67B81,839,108A9007-CAC9-920D-F28F-6A3935E45483,1019,1
Fiduciary asset type classifiesNon-balance sheet recognised security position national general accepted accounting principles (nGAAP),DA75945B-3FE1-4CE1-31BE-32494C407F7E,614,2399B373-4013-5858-C243-C0A77B7941CB,5242,,Fiduciary asset type,Non-balance sheet recognised security position national general accepted accounting principles (nGAAP) fiduciary item,,,*,1,Y,N,None,N,B50A98FB-FDAE-986A-4B6B-BD575BC67B81,839,5442F499-280E-822E-C83A-FDDC867744DE,1022,1
Fiduciary asset type classifies Short balance sheet recognised security position national general accepted accounting principles (nGAAP) fiduciary item,DA75945B-3FE1-4CE1-31BE-32494C407F7E,614,5710FC39-9BB3-7A91-A810-3F34F1BD2C7F,5243,,Fiduciary asset type,Short balance sheet recognised security position national general accepted accounting principles (nGAAP) fiduciary item,,,*,1,Y,N,None,N,B50A98FB-FDAE-986A-4B6B-BD575BC67B81,839,67A334AE-0E56-6908-0088-5ACB2A9F4DEE,1291,1
Financial asset instrument has Financial asset instrument derived data,DA75945B-3FE1-4CE1-31BE-32494C407F7E,614,8377EA7A-9FED-837C-C6B7-7BBDC347E12E,5244,,Financial asset instrument,Financial asset instrument derived data,,,1,1,Y,N,Financial asset instrument,Y,AC25CE06-349E-2EC8-DA05-FFD6B8759432,840,6CBCC0E7-4D57-A936-5273-6A99009949C4,842,6
Financial collateral is measured by Protection valuation approach,DA75945B-3FE1-4CE1-31BE-32494C407F7E,614,66C8E41F-8AEC-003E-EC76-229DFA88011F,5245,,Protection valuation approach,Financial collateral,,,*,1,Y,N,None,N,FEAECD04-84D6-BE28-0AFB-55F1488722F9,1180,76BD9E69-EDB2-E5B0-AFCC-04A52742AC34,844,1
Financial contract gives rise to Credit facility,DA75945B-3FE1-4CE1-31BE-32494C407F7E,614,271D55CB-75CD-BA9C-E41D-324500313B65,5246,,Financial contract,Credit facility,,,*,1,Y,N,None,N,192AB5DF-213F-92A7-9CB9-66B5821AC574,845,FB69AB11-CA2F-CB73-8B7F-7D06ABB9DDE3,725,5
Financial contract gives rise to Instrument resulting directly from a Financial contract,DA75945B-3FE1-4CE1-31BE-32494C407F7E,614,EB8DC78A-A41B-EF23-EEC3-B768E0BC6505,5247,,Financial contract,Instrument resulting directly from a Financial contract,,,*,1,Y,N,None,N,192AB5DF-213F-92A7-9CB9-66B5821AC574,845,487AEAD9-70CF-5B2D-31BE-3096A7A5F583,905,5
Financial contract is involved in Master agreement(s) via Master agreement Financial contract assignment,DA75945B-3FE1-4CE1-31BE-32494C407F7E,614,8E2D6410-0AFA-761E-F58D-04E85B49FE14,5248,,Financial contract,Master agreement Financial contract assignment,,,*,1,Y,N,None,Y,192AB5DF-213F-92A7-9CB9-66B5821AC574,845,9CE97C69-237D-9D4C-6151-A292A663FBAC,996,5
Financial guarantee instrument covering a Debt security covers a Debt security via Financial guarantee instrument covering a Debt security Debt security assignment,DA75945B-3FE1-4CE1-31BE-32494C407F7E,614,D360FDB5-FC9B-DDCC-535C-B4FD02C398A6,5249,,Financial guarantee instrument covering a Debt security,Financial guarantee instrument covering a Debt security Debt security assignment,,,*,1,Y,N,None,Y,5C8A33B7-8267-345E-C831-3E1580544F35,849,7396EA3F-7D6F-426E-4EF7-9D178B684954,850,5
Financial guarantee instrument guarantees Tranche in a synthetic securitisation without securitisation special purpose entity (SSPE) being a financial guarantee,DA75945B-3FE1-4CE1-31BE-32494C407F7E,614,62BA5E1A-4BB1-906A-144B-2AD762808F75,5250,,Financial guarantee instrument,Tranche in a synthetic securitisation without securitisation special purpose entity (SSPE) being a financial guarantee,,,1,1,Y,N,Financial guarantee instrument,Y,375D085D-ACD7-8FF1-9C4C-47D9B7A404D1,847,35F14063-6EB3-9BD1-02A6-C0C77139B8DE,1343,5
Financial guarantee instrument has Beneficiary via Financial guarantee instrument Beneficiary assignment,DA75945B-3FE1-4CE1-31BE-32494C407F7E,614,3E3A5E45-ADB0-B7DA-8C60-124522A49344,5251,,Financial guarantee instrument,Financial guarantee instrument Beneficiary assignment,,,1,1,Y,N,Financial guarantee instrument,Y,375D085D-ACD7-8FF1-9C4C-47D9B7A404D1,847,516FC70D-D94E-0757-F7FD-664E20524129,848,5
Financial guarantee instrument has Protection provider via Financial guarantee instrument Protection provider assignment,DA75945B-3FE1-4CE1-31BE-32494C407F7E,614,ABCCFFE3-973F-63D8-CCD8-EB6F8E4F1183,5252,,Financial guarantee instrument,Financial guarantee instrument Protection provider assignment,,,1,1,Y,N,Financial guarantee instrument,Y,375D085D-ACD7-8FF1-9C4C-47D9B7A404D1,847,72797421-B3D6-65C0-E1DC-086E24B096E0,852,5
Financial lease has Lessee via Financial lease Lessee assignment,DA75945B-3FE1-4CE1-31BE-32494C407F7E,614,60FF8731-D2E3-1EC2-DA58-87CA171D6E69,5253,,Financial lease,Financial lease Lessee assignment,,,*,1,Y,N,Financial lease,Y,6B7DCBC7-EA62-4990-62C5-1FF7A01A7A74,853,6B53A29B-CD67-9AA5-64E9-AE999D38B0B4,854,5
Financial lease has Lessor via Financial lease Lessor assignment,DA75945B-3FE1-4CE1-31BE-32494C407F7E,614,D6E52773-A1CC-134F-9AFC-634CC7E75EF9,5254,,Financial lease,Financial lease Lessor assignment,,,1,1,Y,N,Financial lease,Y,6B7DCBC7-EA62-4990-62C5-1FF7A01A7A74,853,F99EB464-5A1C-BFA1-AF2C-6C438A3178D1,855,5
Forbearance measure type is applied to Forborne off-balance sheet item given instrument,DA75945B-3FE1-4CE1-31BE-32494C407F7E,614,CC63844E-DA95-CA10-4C8F-AACD00C1228F,5255,,Forbearance measure type,Forborne off-balance sheet item given instrument,,,*,1,Y,N,None,N,3905B5FF-E8B6-C7D2-FCB8-C18D317E3234,859,1A994495-8635-2847-B74C-7B1E3FA433BD,860,1
Forbearance measure type is applied to Renegotiated credit facility with forbearance measure,DA75945B-3FE1-4CE1-31BE-32494C407F7E,614,65364BCD-6408-0EDC-86AC-0A02BAD68392,5256,,Forbearance measure type,Renegotiated credit facility with forbearance measure,,,*,1,Y,N,None,N,3905B5FF-E8B6-C7D2-FCB8-C18D317E3234,859,83FC9685-C210-31B4-01B4-752934B5B535,1211,1
Forbearance measure type is applied to Renegotiated debt security with forbearance measure,DA75945B-3FE1-4CE1-31BE-32494C407F7E,614,A66E3710-C35A-DA92-FCAA-3F5E877865A1,5257,,Forbearance measure type,Renegotiated debt security with forbearance measure,,,*,1,Y,N,None,N,3905B5FF-E8B6-C7D2-FCB8-C18D317E3234,859,D75D6D18-936A-0C07-C659-115112F6CEE2,1214,1
Forbearance measure type is applied to Renegotiated financial asset instrument with forbearance measure,DA75945B-3FE1-4CE1-31BE-32494C407F7E,614,69764FE7-BC52-87D0-0909-374FDB88EFB4,5258,,Forbearance measure type,Renegotiated financial asset instrument with forbearance measure,,,*,1,Y,N,None,N,3905B5FF-E8B6-C7D2-FCB8-C18D317E3234,859,8C62256E-C754-34FA-25DD-E5EA41B6F74E,1218,1
Foreign branch has foreign branch derived data,DA75945B-3FE1-4CE1-31BE-32494C407F7E,614,0C90BB37-FC01-C0A7-D2E5-8097AE381BF8,5259,,Foreign branch,Foreign branch derived data,,,1,1,Y,N,None,Y,718CEC61-D5A5-8225-E6B6-74908DD7D59B,861,124FD91B-E11D-709E-7D15-74668295166F,862,5
Foreign institutional unit has Foreign branch,DA75945B-3FE1-4CE1-31BE-32494C407F7E,614,10E755E5-12F8-4CF4-1451-5F793F06BDE6,5260,,Foreign institutional unit,Foreign branch,,,*,1,Y,N,None,N,9D6DDCCA-73A7-57F6-7DC8-A0B1DAF42906,864,718CEC61-D5A5-8225-E6B6-74908DD7D59B,861,5
Fundamental review of the trading book standard approach risk measure has risk measure in Risk factor for standardised approach,DA75945B-3FE1-4CE1-31BE-32494C407F7E,614,84DFD7CD-FD65-1F6E-0177-1B4628475AD3,5261,,Risk factor for standardised approach,Fundamental review of the trading book standard approach risk measure,,,*,1,Y,N,None,N,569226D4-0B71-7630-0EE4-00E6F7A871C8,1241,D43EE6E0-75DE-52E9-8D4A-F62843894A1A,865,5
Gold  is assigned as collateral received to a (reverse) repurchase transaction via (Reverse) repurchase transaction gold collateral received assignment,DA75945B-3FE1-4CE1-31BE-32494C407F7E,614,BC8EFF97-8302-1F65-8B2A-3D4D15A2E3A7,5262,,Collateral received,(Reverse) repurchase transaction gold collateral received assignment,,,*,1,Y,N,None,Y,DCBBAB01-3686-CCD5-A54D-EA33D1CB2ED2,701,5C207513-B80B-2B01-86DB-39048C524A11,616,6
Gold is assigned to a repurchase transaction via Repurchase transaction gold assignment,DA75945B-3FE1-4CE1-31BE-32494C407F7E,614,9114A5FD-18D2-8BFE-1F24-8557E01D12B8,5263,,Gold,Repurchase transaction gold (given) assignment,,,*,1,Y,N,None,Y,2D0555CE-928E-ADCE-45E9-17D395275EAF,873,25FB7BA4-2841-84A7-990A-6213F5F91937,1227,5
Group of clients has Key management personnel via Group of clients Key management personnel assignment,DA75945B-3FE1-4CE1-31BE-32494C407F7E,614,0E5037C1-42B9-8B60-E0E3-D24208517857,5264,,Group of clients,Group of clients Key management personnel assignment,,,*,1,Y,N,None,Y,9F1F805D-695C-CC58-C849-BC03C1FC4803,879,E8DBBDEC-3063-2C0C-6CAC-CD7AFB7E0B56,880,5
Guarantor provides protection to Debt security via Guarantor Debt security assignment,DA75945B-3FE1-4CE1-31BE-32494C407F7E,614,355EB914-7AD4-3226-9DC6-49EE9B46E68B,5265,,Guarantor,Guarantor Debt security assignment,,,*,1,Y,N,None,Y,676FBCE6-7DF5-95E8-D185-901749653878,883,17AAA785-8A0B-51D6-D382-07DB46384D3D,884,6
Held for sale type classifies Balance sheet recognised financial asset instrument according to International Financial Reporting Standard (IFRS),DA75945B-3FE1-4CE1-31BE-32494C407F7E,614,AC017AB0-A710-BA2F-C69F-1A3A3CF8EF6E,5266,,Held for sale type,Balance sheet recognised financial asset instrument according to International Financial Reporting Standard (IFRS),,,*,1,Y,N,None,N,B8010F03-C9C4-D0EC-E458-F061E8B3D403,885,7339446F-A4AD-062D-76D4-8576DD58D4C0,672,1
Held for sale type classifies Exchange tradable derivative position(s),DA75945B-3FE1-4CE1-31BE-32494C407F7E,614,F6558C18-8A33-DEC0-2383-3D0CC2468F76,5267,,Held for sale type,Exchange tradable derivative position,,,*,1,Y,N,None,N,B8010F03-C9C4-D0EC-E458-F061E8B3D403,885,DB0CC98E-4E09-ADBF-024E-4EF7E3FA6604,817,1
Held for sale type classifies Long balance sheet recognised security position International Financial Reporting Standard (IFRS),DA75945B-3FE1-4CE1-31BE-32494C407F7E,614,7E14F721-35E1-8C8A-E4AC-753A4018BC74,5268,,Held for sale type,Long balance sheet recognised security position International Financial Reporting Standard (IFRS),,,*,1,Y,N,None,N,B8010F03-C9C4-D0EC-E458-F061E8B3D403,885,E46F7595-5947-BE5E-40D0-DCDE615727D4,971,1
Held for sale type is applied to Debt security issued (by the reporting agent),DA75945B-3FE1-4CE1-31BE-32494C407F7E,614,6AEFFDBD-B20D-6744-7F9E-C88B62A9CFAF,5269,,Held for sale type,Debt security issued (by the reporting agent),,,*,1,Y,N,None,N,B8010F03-C9C4-D0EC-E458-F061E8B3D403,885,101580C7-7A41-DBA0-F668-CA0B21D0D2A3,758,1
Held for sale type specifies Cash on hand(s),DA75945B-3FE1-4CE1-31BE-32494C407F7E,614,C1A8C2E4-7AB8-8D8E-4B2A-CBDB575D6AAE,5270,,Held for sale type,Cash on hand,,,*,1,Y,N,None,Y,B8010F03-C9C4-D0EC-E458-F061E8B3D403,885,ECF68788-373E-1D0F-3815-7A354DDD7269,685,1
Held for sale type specifies Employee benefit(s),DA75945B-3FE1-4CE1-31BE-32494C407F7E,614,CC5D9A4A-5121-7987-7604-CD3436B93C4E,5271,,Held for sale type,Employee benefit,,,*,1,Y,N,None,Y,B8010F03-C9C4-D0EC-E458-F061E8B3D403,885,7CF1A73F-A8DD-3582-9672-DB908CB20CD3,788,1
Held for sale type specifies Funds for general banking risk(s),DA75945B-3FE1-4CE1-31BE-32494C407F7E,614,CA651632-D57D-4657-B3F1-5587AE677D4E,5272,,Held for sale type,Funds for general banking risk,,,*,1,Y,N,None,Y,B8010F03-C9C4-D0EC-E458-F061E8B3D403,885,554C669B-6489-8F62-E15C-5F2AEE525A7E,870,1
Held for sale type specifies Gold,DA75945B-3FE1-4CE1-31BE-32494C407F7E,614,B7669C14-20AD-12C3-60F7-FDD1D068B58B,5273,,Held for sale type,Gold,,,*,1,Y,N,None,Y,B8010F03-C9C4-D0EC-E458-F061E8B3D403,885,2D0555CE-928E-ADCE-45E9-17D395275EAF,873,1
Held for sale type specifies Goodwill(s),DA75945B-3FE1-4CE1-31BE-32494C407F7E,614,AAAFFFDC-31F9-0064-C8EC-8D362E54D227,5274,,Held for sale type,Goodwill,,,*,1,Y,N,None,Y,B8010F03-C9C4-D0EC-E458-F061E8B3D403,885,8184D48D-8A30-028E-8202-306D5C4FE44F,875,1
Held for sale type specifies Investment property,DA75945B-3FE1-4CE1-31BE-32494C407F7E,614,81701E26-B664-15E7-E7AF-0A6346D373F1,5275,,Held for sale type,Investment property,,,*,1,Y,N,None,Y,B8010F03-C9C4-D0EC-E458-F061E8B3D403,885,02E00201-0ACA-69C6-F56F-3B2C690AFC81,922,1
Held for sale type specifies Other non-financial asset,DA75945B-3FE1-4CE1-31BE-32494C407F7E,614,3CF1227C-2B39-02C9-F3E1-5675FCE14A65,5276,,Held for sale type,Other non-financial asset,,,*,1,Y,N,None,Y,B8010F03-C9C4-D0EC-E458-F061E8B3D403,885,51C26692-6E97-9B54-4619-F03C70980AE1,1108,1
Held for sale type specifies Other non-financial liability,DA75945B-3FE1-4CE1-31BE-32494C407F7E,614,D9BFB37B-249B-8EC9-75FA-AE400A385BAB,5277,,Held for sale type,Other non-financial liability,,,*,1,Y,N,None,Y,B8010F03-C9C4-D0EC-E458-F061E8B3D403,885,674F17E5-E381-FA0E-7EDD-2D03CB0F96B8,1109,1
Held for sale type specifies Other provision(s),DA75945B-3FE1-4CE1-31BE-32494C407F7E,614,D98AB5B9-B2E7-2DA3-8BE7-5B9DCF10855A,5278,,Held for sale type,Other provision,,,*,1,Y,N,None,Y,B8010F03-C9C4-D0EC-E458-F061E8B3D403,885,2B959858-ED66-E637-65A5-E913DF1337C3,1117,1
Held for sale type specifies Pending legal issues and tax litigation(s),DA75945B-3FE1-4CE1-31BE-32494C407F7E,614,188578A9-C14B-633C-68FB-51A9F3383A76,5279,,Held for sale type,Pending legal issues and tax litigation,,,*,1,Y,N,None,Y,B8010F03-C9C4-D0EC-E458-F061E8B3D403,885,88451CD7-108A-BDBD-CD39-83847571F4AE,1152,1
"Held for sale type specifies Property, plant and equipment not taken into possession",DA75945B-3FE1-4CE1-31BE-32494C407F7E,614,0A5F0D12-279C-262E-2143-9A684BD7E7BA,5280,,Held for sale type,"Property, plant and equipment",,,*,1,Y,N,None,Y,B8010F03-C9C4-D0EC-E458-F061E8B3D403,885,D686F9F6-0CDE-CEE3-9F51-1A55CA17B97A,1169,1
Held for sale type specifies Restructuring(s),DA75945B-3FE1-4CE1-31BE-32494C407F7E,614,407C5336-7ADD-4CD2-C9A1-8B3C2414437B,5281,,Held for sale type,Restructuring,,,*,1,Y,N,None,Y,B8010F03-C9C4-D0EC-E458-F061E8B3D403,885,A9749302-9B20-560F-E3E0-06A30808901D,1236,1
Held for sale type specifies Share capital repayable on demand,DA75945B-3FE1-4CE1-31BE-32494C407F7E,614,92A8AE8D-9BF2-8AAB-CDBC-3D675B3C700C,5282,,Held for sale type,Share capital repayable on demand,,,*,1,Y,N,None,Y,B8010F03-C9C4-D0EC-E458-F061E8B3D403,885,E8B7B865-D8F1-CDBD-123F-55AE7DAAEF1C,1285,1
Held for sale type specifies Tax asset(s),DA75945B-3FE1-4CE1-31BE-32494C407F7E,614,189EADB9-EEBB-66E6-FECA-69668D68542A,5283,,Held for sale type,Tax asset,,,*,1,Y,N,None,Y,B8010F03-C9C4-D0EC-E458-F061E8B3D403,885,B333CBA7-F728-D43E-8AB3-496B4C78ED81,1330,1
Held for sale type specifies Tax liability,DA75945B-3FE1-4CE1-31BE-32494C407F7E,614,8E676CA6-15AE-B04D-5A25-21A29802711C,5284,,Held for sale type,Tax liability,,,*,1,Y,N,None,Y,B8010F03-C9C4-D0EC-E458-F061E8B3D403,885,6EF4BE21-6C9F-ECE1-8AAD-4381A86750B5,1331,1
High quality liquid assets (HQLA) type classifies Deposit,DA75945B-3FE1-4CE1-31BE-32494C407F7E,614,62627C23-ADC9-9171-A68C-3F709C0E665D,5285,,(Extremely) high liquidity and credit quality indicator,Deposit,,,*,1,Y,N,None,N,C8AC6B92-F092-6E7B-C6B5-2A84608A550D,615,9CCB209C-1981-3086-B589-367D457CE9CD,771,1
High quality liquid assets (HQLA) type classifies Security,DA75945B-3FE1-4CE1-31BE-32494C407F7E,614,369984ED-00BA-10D8-65DC-A77F9AE7280A,5286,,(Extremely) high liquidity and credit quality indicator,Security,,,*,1,Y,N,None,N,C8AC6B92-F092-6E7B-C6B5-2A84608A550D,615,6B9C4C46-5617-E783-1C65-FB2BF74222E9,1253,1
Immediate parent according to AnaCredit type classifies Immediate parent enterprise assignment,DA75945B-3FE1-4CE1-31BE-32494C407F7E,614,45383391-AB8A-D378-9BC9-4EDE21175693,5287,,Immediate parent according to AnaCredit type,Immediate parent enterprise assignment,,,*,1,Y,N,None,N,82DBDADB-96D9-9309-D2DF-0E4F68E8F67C,887,72CB0826-36E0-A4B4-3525-40FB92136EC6,889,1
Immediate parent has Immediate parent enterprise undertaking via Immediate parent enterprise assignment,DA75945B-3FE1-4CE1-31BE-32494C407F7E,614,29083F77-D380-E89F-8319-D3991C15E0B3,5288,,Immediate parent enterprise,Immediate parent enterprise assignment,,,*,1,Y,N,None,Y,D0473E4F-00C4-6B39-7131-4B66FE50F91E,888,72CB0826-36E0-A4B4-3525-40FB92136EC6,889,6
Impairment assessment method is applied to Balance sheet recognised financial asset instrument,DA75945B-3FE1-4CE1-31BE-32494C407F7E,614,00301BB2-1AF3-E88F-7B35-A8D0D9754064,5289,,Impairment assessment method,Balance sheet recognised financial asset instrument,,,*,1,Y,N,None,N,3851C2B6-6B8E-3041-D1CF-1B07A6D6AB41,890,D98528DD-4340-7068-DCF4-FC4EE2F41DB4,671,1
Impairment assessment method is applied to Long balance sheet recognised security position,DA75945B-3FE1-4CE1-31BE-32494C407F7E,614,D163B78A-1AC6-4209-5ACC-ED43486510C3,5290,,Impairment assessment method,Long balance sheet recognised security position prudential portfolio Accounting classification assignment,,,*,1,Y,N,None,N,3851C2B6-6B8E-3041-D1CF-1B07A6D6AB41,890,8C41CD82-6B5E-E1F3-6046-8A212990D177,975,1
Impairment status classifies Credit facility,DA75945B-3FE1-4CE1-31BE-32494C407F7E,614,ECD274C5-5A31-D0C2-6927-B76C5EB40C78,5291,,Impairment status,Credit facility,,,*,1,Y,N,None,N,DFC26DEF-9D22-AE21-D2D1-BFDB52A52F50,891,FB69AB11-CA2F-CB73-8B7F-7D06ABB9DDE3,725,1
Impairment status is applied to Balance sheet recognised financial asset instrument,DA75945B-3FE1-4CE1-31BE-32494C407F7E,614,F57C9F32-6FD8-654F-58A3-9C148F90CA51,5292,,Impairment status,Balance sheet recognised financial asset instrument,,,*,1,Y,N,None,N,DFC26DEF-9D22-AE21-D2D1-BFDB52A52F50,891,D98528DD-4340-7068-DCF4-FC4EE2F41DB4,671,1
Impairment status is applied to Long balance sheet recognised security position,DA75945B-3FE1-4CE1-31BE-32494C407F7E,614,B5BE2292-B7AF-DA16-5FD6-8E401178E641,5293,,Impairment status,Long balance sheet recognised security position prudential portfolio Accounting classification assignment,,,*,1,Y,N,None,N,DFC26DEF-9D22-AE21-D2D1-BFDB52A52F50,891,8C41CD82-6B5E-E1F3-6046-8A212990D177,975,1
Impairment status is applied to Off-balance sheet item given instrument,DA75945B-3FE1-4CE1-31BE-32494C407F7E,614,37C0D006-BCEE-6123-02D4-469CFF0B8D93,5294,,Impairment status,Off-balance sheet item given instrument,,,*,1,Y,N,None,N,DFC26DEF-9D22-AE21-D2D1-BFDB52A52F50,891,F7CE6C6C-5F4E-2BA8-B205-B1E9F0BB3D0E,1074,1
Initial exposure class of the security is assigned to Security(ies),DA75945B-3FE1-4CE1-31BE-32494C407F7E,614,C6EA973D-0079-AAB0-0E38-58240EEEAED0,5295,,Initial exposure class of the security,Security,,,*,1,Y,N,None,N,70637144-AA58-5B9E-D616-F63106C0D375,892,6B9C4C46-5617-E783-1C65-FB2BF74222E9,1253,1
Initial impairment statu is applied to Long balance sheet recognised security position,DA75945B-3FE1-4CE1-31BE-32494C407F7E,614,2CD5CC7F-4388-7A58-3243-143683DD20FF,5296,,Initial impairment status,Long balance sheet recognised security position prudential portfolio Accounting classification assignment,,,*,1,Y,N,None,N,B9B912F1-C1CA-33E0-82AE-8177B40CDA04,893,8C41CD82-6B5E-E1F3-6046-8A212990D177,975,1
Initial impairment status is applied to Balance sheet recognised financial asset instrument(s),DA75945B-3FE1-4CE1-31BE-32494C407F7E,614,48BF81EA-7A29-4F32-EA1F-816A042CEBEE,5297,,Initial impairment status,Balance sheet recognised financial asset instrument,,,*,1,Y,N,None,N,B9B912F1-C1CA-33E0-82AE-8177B40CDA04,893,D98528DD-4340-7068-DCF4-FC4EE2F41DB4,671,1
Initial impairment status is applied to Off-balance sheet item given instrument(s),DA75945B-3FE1-4CE1-31BE-32494C407F7E,614,ABFD0E65-8299-168C-2795-8DFD8CD66B37,5298,,Initial impairment status,Off-balance sheet item given instrument,,,*,1,Y,N,None,N,B9B912F1-C1CA-33E0-82AE-8177B40CDA04,893,F7CE6C6C-5F4E-2BA8-B205-B1E9F0BB3D0E,1074,1
Institutional sector classifies Branch(es),DA75945B-3FE1-4CE1-31BE-32494C407F7E,614,C9C56667-1E02-E27D-4830-24D0CDB4DF0C,5299,,Institutional sector,Branch,,,*,1,Y,N,None,N,2B5CE011-D132-E40F-D5F3-A6E781C01D11,894,AD1F1EAC-9B10-1597-4D8C-72AC8A561DCC,683,1
Institutional sector classifies Credit institution(s),DA75945B-3FE1-4CE1-31BE-32494C407F7E,614,73F97A86-2858-EA9D-0529-52AA617F6B94,5300,,Institutional sector,Credit institution,,,*,1,Y,N,None,N,2B5CE011-D132-E40F-D5F3-A6E781C01D11,894,E1CF2411-15DC-A2AB-C048-023B69849A6F,736,1
Institutional sector classifies Investment vehicle / fund,DA75945B-3FE1-4CE1-31BE-32494C407F7E,614,4B0CC6C8-8D52-52F4-1567-BC788CF658F9,5301,,Institutional sector,Investment vehicle / fund,,,*,1,Y,N,None,N,2B5CE011-D132-E40F-D5F3-A6E781C01D11,894,7894D869-6176-F25F-D9F6-7132DCFCC9E1,925,1
Institutional sector classifies Other Financial corporation(s),DA75945B-3FE1-4CE1-31BE-32494C407F7E,614,49319CD9-5A1D-D51E-B64E-6222126EC1F5,5302,,Institutional sector,Other financial corporation,,,*,1,Y,N,None,N,2B5CE011-D132-E40F-D5F3-A6E781C01D11,894,F1E6A6D1-25A0-211D-9A46-6C00A50D5731,1100,1
Institutional sector classifies Other organisational unit(s),DA75945B-3FE1-4CE1-31BE-32494C407F7E,614,ED8E476A-6B7C-B6BB-308F-16E465903297,5303,,Institutional sector,Other organisational unit,,,*,1,Y,N,None,N,2B5CE011-D132-E40F-D5F3-A6E781C01D11,894,BCDE04C5-DDB2-A601-CC03-3C9283C7B52C,1110,1
Institutional sector classifies State and local government and Social security funds,DA75945B-3FE1-4CE1-31BE-32494C407F7E,614,4D86620D-A9B1-C2D7-CD9B-FB00DD201895,5304,,Institutional sector,State and local government and Social security funds,,,*,1,Y,N,None,N,2B5CE011-D132-E40F-D5F3-A6E781C01D11,894,396D4ECD-8814-C66D-0F86-FC725364B83B,1308,1
Instrument acts in Instrument role(s),DA75945B-3FE1-4CE1-31BE-32494C407F7E,614,85A01FF8-B54A-30D8-5D82-5186809741F3,5305,,Instrument,Instrument role,,,*,1,N,N,None,Y,54907B80-5ADD-5298-6AE7-54D1AC9CA6F6,896,226B02E3-A364-4829-CFBA-1E41AF016F8E,907,5
Instrument has associated Collateral given instrument via Collateral given instrument Instrument assignment,DA75945B-3FE1-4CE1-31BE-32494C407F7E,614,545250EA-22AA-6EF9-4EC6-0070091E15F8,5306,,Instrument,Collateral given instrument Instrument assignment,,,*,1,Y,N,None,Y,54907B80-5ADD-5298-6AE7-54D1AC9CA6F6,896,68FCA69A-2031-3F8A-323B-62622A36D329,700,5
Instrument is hedged by Instrument hedged by Over the counter (OTC) Derivative,DA75945B-3FE1-4CE1-31BE-32494C407F7E,614,B526125E-5941-395D-5B8C-86FCDEA1563F,5307,,Instrument,Instrument hedged by Over the counter (OTC) Derivative,,,*,1,Y,N,None,Y,54907B80-5ADD-5298-6AE7-54D1AC9CA6F6,896,EB096E17-76EB-145F-9304-28FF226AD063,902,5
Instrument is hedged via Instrument hedged by Exchange tradable derivative position,DA75945B-3FE1-4CE1-31BE-32494C407F7E,614,20D3B92F-5C1A-26E1-5ABF-5745C8A0E17C,5308,,Instrument,Instrument hedged by Exchange tradable derivative position,,,*,1,Y,N,None,Y,54907B80-5ADD-5298-6AE7-54D1AC9CA6F6,896,474EA1B1-88C5-D308-02FE-3F5149F8FFBC,901,5
Instrument is protected by Collateral received instrument(s) via Other Instrument Collateral received instrument assignment,DA75945B-3FE1-4CE1-31BE-32494C407F7E,614,E130D57F-8618-A988-4996-D38EF214496E,5309,,Instrument,Instrument Collateral received instrument assignment,,,*,1,Y,N,None,Y,54907B80-5ADD-5298-6AE7-54D1AC9CA6F6,896,970C6EF9-779C-3173-9EDB-6226A668218D,899,5
Instrument is protected by Protection arrangement(s) via Instrument Protection arrangement received assignment,DA75945B-3FE1-4CE1-31BE-32494C407F7E,614,40254AA0-2E36-DCD5-F031-4473656CCBFF,5310,,Instrument,Instrument Protection arrangement received assignment,,,*,1,Y,N,None,Y,54907B80-5ADD-5298-6AE7-54D1AC9CA6F6,896,440398C3-B369-BCF2-7C8B-0A6ED64AF366,904,5
Instrument is protection in Protection arrangement via Protection arrangement given Instrument assignment,DA75945B-3FE1-4CE1-31BE-32494C407F7E,614,542F8A7A-B5F4-5D53-08D7-83B0B81210C0,5311,,Instrument,Protection arrangement given Instrument assignment,,,*,1,Y,N,None,Y,54907B80-5ADD-5298-6AE7-54D1AC9CA6F6,896,4D6CEB5E-44BD-AF8E-4544-6AB08EFFB8D8,1174,5
Instrument is serviced by Servicer via Instrument Servicer assignment,DA75945B-3FE1-4CE1-31BE-32494C407F7E,614,0FCF1340-C668-8EDA-7B1D-AE600B57ACF1,5312,,Instrument,Instrument Servicer assignment,,,1,1,Y,N,Instrument,Y,54907B80-5ADD-5298-6AE7-54D1AC9CA6F6,896,EEC1B302-494D-4D13-FBC8-ED4D4CF46395,908,5
Interest rate reset frequency classifies Financial asset instrument,DA75945B-3FE1-4CE1-31BE-32494C407F7E,614,FBB263F7-B508-3758-3027-CB58042D773A,5313,,Interest rate reset frequency,Financial asset instrument,,,*,1,Y,N,None,N,F4F983A5-F452-8D55-EAD6-4347D7B64FBF,910,AC25CE06-349E-2EC8-DA05-FFD6B8759432,840,1
Internal group acts in Internal group role(s),DA75945B-3FE1-4CE1-31BE-32494C407F7E,614,59231D4C-8DC7-A69C-60D8-5D1BB6FD63A6,5314,,Internal group,Internal group role,,,*,1,Y,N,None,Y,6E14ED0C-FC7D-E84D-8BCC-75F75C5E8B83,913,C8365EDE-ADB5-9875-3305-70BDC333E22F,915,5
Internal group has Key management personnel via Internal group Key management personnel assignment,DA75945B-3FE1-4CE1-31BE-32494C407F7E,614,367AB9AE-E738-F3ED-4A33-FBBA5E98507B,5315,,Internal group,Internal group Key management personnel assignment,,,*,1,Y,N,None,Y,6E14ED0C-FC7D-E84D-8BCC-75F75C5E8B83,913,853B46FC-6975-44A1-10C9-8437232CACFD,914,5
International organisation code classifies an international organisation,DA75945B-3FE1-4CE1-31BE-32494C407F7E,614,6BCF1DA6-49DE-5327-5F08-3107AB41DE87,5316,,International organisation code,International organisation,,,*,1,Y,N,None,N,0E1C1849-9E6D-2B06-8F38-B4FFAE53D647,918,BB902D77-F0D4-07A3-B64A-103FAF25D7D2,916,1
International organisation code classifies the European Central Bank,DA75945B-3FE1-4CE1-31BE-32494C407F7E,614,B5ED294B-52E3-CD13-F6BA-B0C79F9BCC52,5317,,International organisation code,European Central Bank,,,1,1,Y,N,None,N,0E1C1849-9E6D-2B06-8F38-B4FFAE53D647,918,3681ADE1-7F68-3A5D-B5B2-B611D10111AB,805,1
Inventory collateral is measured by Protection valuation approach,DA75945B-3FE1-4CE1-31BE-32494C407F7E,614,66A64AAC-7674-6D24-BB54-985639070FC8,5318,,Protection valuation approach,Inventory collateral,,,*,1,Y,N,None,N,FEAECD04-84D6-BE28-0AFB-55F1488722F9,1180,1089B269-23E0-B150-765C-06631E4E77B3,921,1
Investment property may be obatined as Investment property taken into possession,DA75945B-3FE1-4CE1-31BE-32494C407F7E,614,648E5AE1-8CBD-B0BC-6BDF-E1EC6F26E9BB,5319,,Investment property,Investment property taken into possession ,,,*,1,Y,N,None,Y,02E00201-0ACA-69C6-F56F-3B2C690AFC81,922,58AD3A4A-6668-545C-9E14-F3A294702D9C,923,7
Investment property taken into possession has Investment property taken into possession derived data,DA75945B-3FE1-4CE1-31BE-32494C407F7E,614,B072A2A9-71D1-F9F5-5A4F-2E03A02B9386,5320,,Investment property taken into possession ,Investment property taken into possession derived data,,,1,1,Y,N,None,Y,58AD3A4A-6668-545C-9E14-F3A294702D9C,923,3BA0AB67-3971-BC75-D00A-5A85BF3E34CA,924,9
Investor invests in Equity security that is not a security via Equity instrument that is not a security Investor assignment,DA75945B-3FE1-4CE1-31BE-32494C407F7E,614,F46153B5-ED13-F59E-EECE-9D6F775CCC49,5321,,Investor,Equity instrument that is not a security Investor assignment,,,*,1,Y,N,None,Y,9A8FAFD1-0B9D-CFB8-8E77-7A7D6A4923D6,926,5F922971-19B4-F2FA-B9EB-ADA753EAE6A3,799,6
Investor invests in Security position,DA75945B-3FE1-4CE1-31BE-32494C407F7E,614,030858AF-2BBD-D0AC-33A3-D61203FA11D2,5322,,Investor,Security position,,,*,1,Y,N,None,Y,9A8FAFD1-0B9D-CFB8-8E77-7A7D6A4923D6,926,58EBE203-5DEC-4B40-ACD1-091ACE0A3F31,1278,6
Issue-based rating system has Rating grade for issue-based rating system,DA75945B-3FE1-4CE1-31BE-32494C407F7E,614,ACE2BB86-7E3C-7497-0D61-11E8C7FB254B,5323,,Issue-based rating system,Rating grade for issue-based rating system,,,*,1,N,N,None,Y,04F7FAE7-FB99-BF85-4723-377D5B2DDF1E,927,94567C38-912F-9D46-C025-C7DED12C991D,1194,2
Issuer has Credit spread risk (CSR) non-securitisation risk factor for standardised approach,DA75945B-3FE1-4CE1-31BE-32494C407F7E,614,89BD8E52-DC49-9DE4-BA63-1E11CB5FC16B,5324,,Issuer,Credit spread risk (CSR) non-securitisation risk factor for standardised approach,,,*,1,Y,N,None,N,2F2F2193-F1CB-6012-8749-1F309C44EFF5,932,227D93A5-6847-6931-172E-5B96F1EA19FE,745,6
Issuer issues Equity instrument that is not a security via Equity instrument that is not a security Issuer assignment,DA75945B-3FE1-4CE1-31BE-32494C407F7E,614,EDEEBD2F-6DE7-B2C7-34A2-81F3A28CFF19,5325,,Issuer,Equity instrument that is not a security Issuer assignment,,,*,1,Y,N,None,Y,2F2F2193-F1CB-6012-8749-1F309C44EFF5,932,E681DB13-7A71-E87E-35B0-7DFAA0510D17,800,6
Issuer issues Security or Exchange tradable derivative(s) via Security Issuer assignment,DA75945B-3FE1-4CE1-31BE-32494C407F7E,614,5889D866-5B1A-17B0-639E-A77A5BC5078E,5326,,Issuer,Security Issuer assignment,,,*,1,Y,N,None,Y,2F2F2193-F1CB-6012-8749-1F309C44EFF5,932,1C4CA59D-CEFA-7753-9A33-AF14FE5B6E7B,1273,6
"Joint venture (of the reporting agent) is part of Subsidiary, joint venture and associate via Subsidiary, joint venture and associate Joint venture assignment",DA75945B-3FE1-4CE1-31BE-32494C407F7E,614,732682CF-0429-8B8B-F514-AA891C8F62B3,5327,,Joint venture (of the reporting agent),"Subsidiary, joint venture and associate Joint venture assignment",,,1,1,Y,N,Joint venture (of the reporting agent),Y,1DB696C2-52BF-6B3E-1BDE-80833A472042,934,BA6D2D1D-432C-14EB-5EEA-919ACBD4EAC9,1317,6
Key management personnel is directly or indirectly influenced by Natural person noted in Natural person Key management personnel assignment,DA75945B-3FE1-4CE1-31BE-32494C407F7E,614,E48E98EA-F379-D21A-E7EA-060499C9A2F4,5328,,Key management personnel,Natural person Key management personnel assignment,,,*,1,Y,N,None,Y,137E3A51-9968-65E9-E657-D11FDFF6370A,935,9DA1342F-49E4-FE44-0F0B-611E4FA096B3,1011,6
Key management personnel is of Group of clients via Group of clients Key management personnel assignment,DA75945B-3FE1-4CE1-31BE-32494C407F7E,614,8BE3CC39-8345-13FD-98AC-785C1E87329C,5329,,Key management personnel,Group of clients Key management personnel assignment,,,*,1,Y,N,None,Y,137E3A51-9968-65E9-E657-D11FDFF6370A,935,E8DBBDEC-3063-2C0C-6CAC-CD7AFB7E0B56,880,6
Key management personnel is of Internal group via Internal group Key management personnel assignment,DA75945B-3FE1-4CE1-31BE-32494C407F7E,614,2B49C5B7-2C82-EB8E-4385-75EFC09A32C2,5330,,Key management personnel,Internal group Key management personnel assignment,,,*,1,Y,N,None,Y,137E3A51-9968-65E9-E657-D11FDFF6370A,935,853B46FC-6975-44A1-10C9-8437232CACFD,914,6
Legal form is assigned to Central bank and private sector company,DA75945B-3FE1-4CE1-31BE-32494C407F7E,614,CC3C04F7-C9E1-D0E6-F094-92932240D602,5331,,Legal form,Central bank and private sector company,,,*,1,Y,N,None,N,9AD19B8F-1E52-155D-6A4A-BA9352837F8C,939,85956057-D0C7-8869-F90B-A6A301A3A30F,688,1
Legal person acts in Legal person role(s),DA75945B-3FE1-4CE1-31BE-32494C407F7E,614,157BBBD3-6796-30DB-4BDD-C3125B7F6545,5332,,Legal person,Legal person role,,,*,1,Y,N,None,Y,B1F895CA-E612-3482-70D5-3578E2C60A8B,940,260D3597-6DF0-6617-9ED4-9F7888A3770E,941,5
Legal person is rated by Numeric rating system(s) via Rating system applied to a Legal person,DA75945B-3FE1-4CE1-31BE-32494C407F7E,614,F870BA3F-4883-2C5A-BF1D-D398AD9026B6,5333,,Legal person,Rating system applied to a Legal person,,,*,1,Y,N,None,Y,B1F895CA-E612-3482-70D5-3578E2C60A8B,940,A6BB0BF2-2285-739D-4F21-B9133B1A362B,1200,5
Legal proceeding status is assigned to Organisation with legal proceeding,DA75945B-3FE1-4CE1-31BE-32494C407F7E,614,1F81E0FD-6DFA-9C77-4B2E-B20AF8031669,5334,,Legal proceeding status,Organisation with legal proceeding,,,*,1,Y,N,None,N,E46D4A80-E841-EBED-A266-6EDB1A6261EC,942,FC750728-2252-66F9-4A0C-3EFB362110E3,1087,1
Lender lends via Security borrowing and lending transaction Lender assignment,DA75945B-3FE1-4CE1-31BE-32494C407F7E,614,7507FAD4-CF7F-673E-68B7-CE072371A08B,5335,,Lender,Security borrowing and lending transaction Lender assignment,,,*,1,Y,N,None,Y,1B984DE5-47B6-2FFA-5446-795ADBBAA72E,943,57CED120-5863-2B99-498C-4B08261CDA41,1263,6
Lessee has Lessee derived data,DA75945B-3FE1-4CE1-31BE-32494C407F7E,614,CF92A452-613F-1E0B-5A4F-4FB7503198A7,5336,,Lessee,Lessee derived data,,,1,1,Y,N,None,Y,CDEF1F95-2DB5-A2E5-8116-D0FB8FD756E4,944,25FAC7A8-2EC1-2131-8B3C-F643E7A600C0,945,6
Lessee leases Financial lease(s) via Financial lease Lessee assignment,DA75945B-3FE1-4CE1-31BE-32494C407F7E,614,6612548F-E42E-B2B1-4105-F34D135E3C30,5337,,Lessee,Financial lease Lessee assignment,,,*,1,Y,N,None,Y,CDEF1F95-2DB5-A2E5-8116-D0FB8FD756E4,944,6B53A29B-CD67-9AA5-64E9-AE999D38B0B4,854,6
Lessor lends Financial lease(s) via Financial lease Lessor assignment,DA75945B-3FE1-4CE1-31BE-32494C407F7E,614,B056B1C1-1C21-F015-BC10-987777587C83,5338,,Lessor,Financial lease Lessor assignment,,,*,1,Y,N,None,Y,A7064EA8-E955-A4DD-271E-FEF1C41BC6FB,946,F99EB464-5A1C-BFA1-AF2C-6C438A3178D1,855,6
Liability encumbrance residual maturity band classifies Debt security issued (by the reporting agent) derived data,DA75945B-3FE1-4CE1-31BE-32494C407F7E,614,C11B134F-6308-33FE-1D8C-C5D642050307,5339,,Liability encumbrance residual maturity band,Debt security issued (by the reporting agent) derived data,,,*,1,Y,N,None,N,F483B5ED-043A-E103-4A13-C8209F68EA93,947,293B135E-4BE8-D75B-C459-0B4AE236D639,760,1
Liability encumbrance residual maturity band classifies Deposit derived data,DA75945B-3FE1-4CE1-31BE-32494C407F7E,614,EABA25EA-9AB3-222F-BBDF-110B0A3B7815,5340,,Liability encumbrance residual maturity band,Deposit derived data,,,*,1,Y,N,None,N,F483B5ED-043A-E103-4A13-C8209F68EA93,947,A6BF8E78-5734-C904-CE61-12433E250D73,775,1
Liability encumbrance residual maturity band classifies Exchange tradable derivative derived data,DA75945B-3FE1-4CE1-31BE-32494C407F7E,614,9DAF7091-D6B6-2991-9514-C11AE772CF10,5341,,Liability encumbrance residual maturity band,Exchange tradable derivative derived data,,,*,1,Y,N,None,N,F483B5ED-043A-E103-4A13-C8209F68EA93,947,C4C2135B-38B1-CDDC-3BB9-1271C559BEF7,814,1
Liability encumbrance residual maturity band classifies Off-balance instrument derived data,DA75945B-3FE1-4CE1-31BE-32494C407F7E,614,643BCF8F-545B-DEBD-7AB9-93923BDF38B8,5342,,Liability encumbrance residual maturity band,Off-balance instrument derived data,,,*,1,Y,N,None,N,F483B5ED-043A-E103-4A13-C8209F68EA93,947,BEA01F60-649B-F63F-B23E-329BA1CB673C,1073,1
Liability encumbrance residual maturity band classifies Over the counter (OTC) Derivative instrument derived data,DA75945B-3FE1-4CE1-31BE-32494C407F7E,614,FFC881C7-89C0-F2BD-A539-9DF481577B77,5343,,Liability encumbrance residual maturity band,Over the counter (OTC) Derivative instrument derived data,,,*,1,Y,N,None,N,F483B5ED-043A-E103-4A13-C8209F68EA93,947,D52BDE35-739E-E9E5-F498-A36863523A47,1130,1
Liability encumbrance residual maturity band classifies Securities financing transaction (SFT) derived data,DA75945B-3FE1-4CE1-31BE-32494C407F7E,614,3E5D76BA-49AC-A58C-8BE5-4BF1A9C24191,5344,,Liability encumbrance residual maturity band,Securities financing transaction (SFT) derived data,,,*,1,Y,N,None,N,F483B5ED-043A-E103-4A13-C8209F68EA93,947,73B40C3C-BF9B-0BB3-5A7E-1592685C28A2,1246,1
Linked enterprise has Linked enterprise via Linked enterprise assignment,DA75945B-3FE1-4CE1-31BE-32494C407F7E,614,F93FDDA3-4D15-6674-2AD8-2A544395AD8D,5345,,Linked enterprise,Linked enterprise assignment,,,*,1,Y,N,None,Y,AC6334B3-02A7-97A5-6E6C-9F4515568130,949,37968742-5377-688E-6FDC-0D3CEA5E7033,950,6
Listed indicator classifies International securities identification number security,DA75945B-3FE1-4CE1-31BE-32494C407F7E,614,9853E6FF-FCED-6913-A0B4-C623437A307B,5346,,Listed indicator,International securities identification number security,,,*,1,Y,N,None,N,01733F90-236D-AA93-2548-A039E13CCA95,952,A1658D0B-EBAD-7991-5177-2104D751D16D,920,1
Litigation status is applied to debtor via Advance Loan debtor assignment,DA75945B-3FE1-4CE1-31BE-32494C407F7E,614,720ED1A7-B26D-D2F0-3419-539FE707B649,5347,,Litigation status,Advance Loan debtor assignment,,,*,1,Y,N,None,N,4CBF2BB1-6C17-FDC6-64FA-78DAA17F0D7C,953,C0F1425F-B6B5-0C22-F3B7-25EA275F05D3,634,1
Litigation status is applied to Loan and advance,DA75945B-3FE1-4CE1-31BE-32494C407F7E,614,43F1C7ED-2E0B-FF8F-3FDA-6232D5B295CC,5348,,Litigation status,Loan and advance,,,*,1,Y,N,None,N,4CBF2BB1-6C17-FDC6-64FA-78DAA17F0D7C,953,B6FD5D89-A17A-4780-AA57-0259F91E0630,955,1
Loan and advance Collateral received assignment might have Loan and advance Collateral received assignment derived data,DA75945B-3FE1-4CE1-31BE-32494C407F7E,614,F5F210FB-D86F-F220-5CF9-EAD859FE3955,5349,,Loan and advance Collateral received assignment,Loan and advance Collateral received assignment derived data,,,1,1,Y,N,Loan and advance Collateral received assignment,Y,ACDEC181-3399-411D-BD18-E28CCC37B7BC,957,C91C6606-3D81-6747-C4C1-A399C29C3540,958,11
Loan and advance has Loan and advance as a hedge,DA75945B-3FE1-4CE1-31BE-32494C407F7E,614,6397218F-9E80-8495-AE14-C64EC7A16511,5350,,Loan and advance,Loan and advance as a hedge,,,1,1,Y,N,Loan and advance,Y,B6FD5D89-A17A-4780-AA57-0259F91E0630,955,D249222E-C88E-947C-2B2E-F8F931CFDCCB,956,5
Loan and advance is protected by Protection item via Loan and advance Collateral received assignment,DA75945B-3FE1-4CE1-31BE-32494C407F7E,614,408BE0A4-4DC1-7792-D379-207BF91DFA0F,5351,,Loan and advance,Loan and advance Collateral received assignment,,,*,1,Y,N,None,Y,B6FD5D89-A17A-4780-AA57-0259F91E0630,955,ACDEC181-3399-411D-BD18-E28CCC37B7BC,957,5
Loan and advance may have Loan and advance derived data,DA75945B-3FE1-4CE1-31BE-32494C407F7E,614,07FA7549-D1B6-6672-43A5-DB27C4B42724,5352,,Loan and advance,Loan and advance derived data,,,1,1,Y,N,Loan and advance,Y,B6FD5D89-A17A-4780-AA57-0259F91E0630,955,A81E4DFE-4FFE-9FAD-6247-2B99C23A78FC,959,5
Loan debtor has Loan debtor derived data,DA75945B-3FE1-4CE1-31BE-32494C407F7E,614,B95FCBB7-F2BE-3074-039B-3DA46475C949,5353,,Loan debtor,Loan debtor derived data,,,1,1,Y,N,None,Y,E6B39892-E3CB-659D-2ACC-E41A263E33CF,960,ADFC9C76-642E-9E12-EE3D-D9C6EA0A4BC6,961,6
Loan debtor is debtor of Credit facility Debtor assignment,DA75945B-3FE1-4CE1-31BE-32494C407F7E,614,08CFE88E-7226-5964-8805-7F64F525B1FA,5354,,Loan debtor,Credit facility Debtor assignment,,,*,1,Y,N,None,Y,E6B39892-E3CB-659D-2ACC-E41A263E33CF,960,50876A01-97CB-9B8D-5538-DC7CCABC188B,729,6
Loan debtor is obliged to pay Advance(s) via Advance Loan debtor assignment,DA75945B-3FE1-4CE1-31BE-32494C407F7E,614,CB3711EC-C59F-6AB6-8971-86897E699C7E,5355,,Loan debtor,Advance Loan debtor assignment,,,*,1,Y,N,None,Y,E6B39892-E3CB-659D-2ACC-E41A263E33CF,960,C0F1425F-B6B5-0C22-F3B7-25EA275F05D3,634,6
Loan debtor is obliged to pay Credit card debt Loan debtor assignment,DA75945B-3FE1-4CE1-31BE-32494C407F7E,614,13BC0BF4-F414-451F-AA50-75952A74A601,5356,,Loan debtor,Credit card debt Loan debtor assignment,,,*,1,Y,N,None,Y,E6B39892-E3CB-659D-2ACC-E41A263E33CF,960,5D2B58AB-9ACF-0DE8-4224-69C85E35F560,724,6
Loan debtor is obliged to pay Other commitment(s) via Other commitment Loan debtor assignment,DA75945B-3FE1-4CE1-31BE-32494C407F7E,614,236F5AA4-297A-36A9-76BF-B43FCF1DCDAA,5357,,Loan debtor,Other commitment Loan debtor assignment,,,*,1,Y,N,None,Y,E6B39892-E3CB-659D-2ACC-E41A263E33CF,960,3E666059-20D6-278B-BF0B-76220C7DFCD9,1095,6
Loan debtor is obliged to pay Other loan(s) via Other loan Loan debtor assignment,DA75945B-3FE1-4CE1-31BE-32494C407F7E,614,AA1D7AC9-EC49-F7C3-9F9C-3714F9C9A505,5358,,Loan debtor,Other loan Loan debtor assignment,,,*,1,Y,N,None,Y,E6B39892-E3CB-659D-2ACC-E41A263E33CF,960,6380D577-E1FE-3A72-422A-F582BE319397,1107,6
Loan has Loan derived data,DA75945B-3FE1-4CE1-31BE-32494C407F7E,614,EBF0808B-B6EC-BE7C-DEA1-C5933F2C1998,5359,,Loan derived data,Loan,,,1,1,N,Y,Loan,Y,FAD7D90B-080B-90E8-CC31-C4C1885818FB,962,2F591A1C-DF86-8E7B-24D4-C62F809C445B,954,5
Loan is part of Asset pool Loan assignment,DA75945B-3FE1-4CE1-31BE-32494C407F7E,614,AE795EBF-2362-39DE-E33B-AA327BA29559,5360,,Loan,Asset pool Loan assignment,,,*,1,Y,N,None,Y,2F591A1C-DF86-8E7B-24D4-C62F809C445B,954,2920BCAE-102A-9ABA-B91C-D4DF1E83B442,651,5
Long/Short balance sheet recognised security position has Security position as a hedge,DA75945B-3FE1-4CE1-31BE-32494C407F7E,614,619016B1-31AD-482F-49FF-B45D795735B5,5361,,Long/Short balance sheet recognised security position,Long/Short balance sheet recognised security position as a hedge,,,1,1,Y,N,None,Y,787DC804-0E68-D537-C02D-2F2E41666E76,963,204CCBD3-D9AD-0EC9-ED88-7E6A00BA0415,964,13
Long/short balance sheet recognised security position is assigned to Prudential portfolio(s) via security position Prudential portfolio assignment,DA75945B-3FE1-4CE1-31BE-32494C407F7E,614,7CF3D7A3-1266-6A89-53E6-CBF4BAAA5B70,5362,,Long balance sheet recognised security position,Long balance sheet recognised security position prudential portfolio assignment,,,*,1,N,N,None,Y,15C47DFF-7AC2-9C56-CD0C-E37F2FDE60F4,968,187B5AB5-70C9-929A-88D4-9E5126986A3C,981,13
Long balance sheet recognised debt security position may have Long balance sheet recognised debt security position derived data,DA75945B-3FE1-4CE1-31BE-32494C407F7E,614,714A3382-3373-6533-ACD3-8E4C1B3D2844,5363,,Long balance sheet recognised debt security position prudential portfolio Accounting classification assignment,Long balance sheet recognised debt security position prudential portfolio Accounting classification assignment derived data,,,1,1,Y,N,None,Y,9BF8F3BD-E58F-D34A-E1B5-C5F535966E3C,965,479DE3FE-780A-3BCF-AED6-7EBC388AE0DD,966,15
Long balance sheet recognised security position Collateral received assignment has derived data in Long balance sheet recognised security position Collateral received assignment derived data,DA75945B-3FE1-4CE1-31BE-32494C407F7E,614,B9AD5E8C-0EDE-2577-12F4-B9D380D28C3F,5364,,Long balance sheet recognised security position collateral received assignment,Long balance sheet recognised security position Collateral received assignment derived data,,,1,1,Y,N,Long balance sheet recognised security position collateral received assignment,Y,A19587F2-EE13-306A-0074-0A19396D79CA,969,0B119041-FC24-768D-DCCD-506F89A1671B,970,19
Long balance sheet recognised security position has Long balance sheet recognised security position derived data,DA75945B-3FE1-4CE1-31BE-32494C407F7E,614,0A0227A4-C8C0-1F49-B640-02DBF4C4EB33,5365,,Long balance sheet recognised security position prudential portfolio Accounting classification assignment,Long balance sheet recognised security position prudential portfolio Accounting classifcation assignment derived data,,,1,1,Y,N,None,Y,8C41CD82-6B5E-E1F3-6046-8A212990D177,975,9CEA1E08-F628-512F-3E1B-DD6B6B517EB1,974,13
Long balance sheet recognised security position is assigned to a Repurchase transaction via Repurchase transaction Long balance sheet recognised security position assignment,DA75945B-3FE1-4CE1-31BE-32494C407F7E,614,8EE06C2B-0688-F5EC-FC3A-4F67765981AF,5366,,Long balance sheet recognised security position,Repurchase transaction Long balance sheet recognised security position (given) assignment,,,*,1,Y,N,None,Y,15C47DFF-7AC2-9C56-CD0C-E37F2FDE60F4,968,FAB14342-6B13-A3BD-82D7-05E3362062E8,1228,13
Long balance sheet recognised security position prudential portfolio Accounting classification assignment may be obatined as Long balance sheet recognised security position  prudential portfolio Accounting classification assignment taken into possession,DA75945B-3FE1-4CE1-31BE-32494C407F7E,614,C149B1E7-8B46-6ED4-3905-C006B660F3D9,5367,,Long balance sheet recognised security position prudential portfolio Accounting classification assignment,Long balance sheet recognised security position prudential portfolio Accounting classification assignment taken into possession,,,*,1,Y,N,None,Y,8C41CD82-6B5E-E1F3-6046-8A212990D177,975,E5E97077-64D8-AFB8-4E34-A6E4582BEA18,979,15
Long balance sheet recognised security position prudential portfolio Accounting classification assignment national general accepted accounting principles (nGAAP) may be a fiduciary asset via Long balance sheet recognised security position prudential portfolio Accounting classification assignment national general accepted accounting principles (nGAAP) fiduciary item ,DA75945B-3FE1-4CE1-31BE-32494C407F7E,614,CC846B12-7098-EF2A-29C9-1342F8D66100,5368,,Long balance sheet recognised security position prudential portfolio Accounting classification assignment national general accepted accounting principles (nGAAP),Long balance sheet recognised security position prudential portfolio Accounting classification assignment national general accepted accounting principles (nGAAP) fiduciary item,,,*,1,Y,N,None,Y,BF18193A-45EA-62EF-E366-54446F0D2D99,977,9358543A-2022-A951-BFA8-CF33C6D91053,978,15
Long balance sheet recognised security position prudential portfolio assignment  is assigned to Accounting classification(s) via Long balance sheet recognised security position prudential portfolio Accounting classification assignment,DA75945B-3FE1-4CE1-31BE-32494C407F7E,614,A3256ADD-4FE7-A014-1F92-C36F498CF653,5369,,Long balance sheet recognised security position prudential portfolio assignment,Long balance sheet recognised security position prudential portfolio Accounting classification assignment,,,*,1,Y,N,None,Y,187B5AB5-70C9-929A-88D4-9E5126986A3C,981,8C41CD82-6B5E-E1F3-6046-8A212990D177,975,14
Long balance sheet recognised security position prudential portfolio assignment  may have Long balance sheet recognised security position prudential portfolio assignment risk data,DA75945B-3FE1-4CE1-31BE-32494C407F7E,614,BAD8901A-9CB9-9C84-4187-E8F41BC4C30B,5370,,Long balance sheet recognised security position prudential portfolio assignment,Long balance sheet recognised security position prudential portfolio assignment risk data,,,*,1,Y,N,None,Y,187B5AB5-70C9-929A-88D4-9E5126986A3C,981,C8C6BD31-7A79-C15D-93C2-C3380CA152AD,982,14
Long balance sheet recognised security position taken into possession has Long balance sheet recognised security position taken into possession derived data,DA75945B-3FE1-4CE1-31BE-32494C407F7E,614,1A1237AA-559F-7255-4A94-CA5BBA5A02BF,5371,,Long balance sheet recognised security position prudential portfolio Accounting classification assignment taken into possession,Long balance sheet recognised security position prudential portfolio Accounting classification assignment taken into possession derived data,,,1,1,Y,N,None,Y,E5E97077-64D8-AFB8-4E34-A6E4582BEA18,979,E573620A-DB93-C211-C1B3-DC54E4D7921F,980,15
Long balance sheet recognised security positition is part of an asset pool via Asset pool Long balance sheet recognised security position assignment,DA75945B-3FE1-4CE1-31BE-32494C407F7E,614,91CB0A41-97FA-58EB-2F0F-53D4D627FF3D,5372,,Long balance sheet recognised security position,Asset pool Long balance sheet recognised security position assignment,,,*,1,Y,N,None,Y,15C47DFF-7AC2-9C56-CD0C-E37F2FDE60F4,968,FF1F6459-5BB9-5FB5-F3BC-DDDD09D628D6,653,13
Long balance sheet recognised security positition is protected by Collateral received via Long balance sheet recognised security position Collateral received assignment,DA75945B-3FE1-4CE1-31BE-32494C407F7E,614,858B15A6-9106-3284-3B17-0CB57F340F45,5373,,Long balance sheet recognised security position,Long balance sheet recognised security position collateral received assignment,,,*,1,Y,N,None,Y,15C47DFF-7AC2-9C56-CD0C-E37F2FDE60F4,968,A19587F2-EE13-306A-0074-0A19396D79CA,969,13
Long non-balance sheet recognised security position Collateral received assignment has derived data in Long non-balance sheet recognised security position Collateral received assignment derived data,DA75945B-3FE1-4CE1-31BE-32494C407F7E,614,D03CCA38-9E48-CCF1-DCDB-07ACA5354B44,5374,,Long non-balance sheet recognised security position collateral received assigment,Long non-balance sheet recognised security position Collateral received assignment derived data,,,1,1,Y,N,Long non-balance sheet recognised security position collateral received assigment,Y,4C20DD6D-9340-0C90-B8DC-DFD27EA83D21,983,BE4003F5-1466-4A48-ACEC-ECE1BABD30E3,984,18
Long non-balance sheet recognised security positition is protected by Collateral received via Long non-balance sheet recognised security position Collateral received assignment,DA75945B-3FE1-4CE1-31BE-32494C407F7E,614,99CFE8C0-EEC5-871C-6033-D254E1FA44C8,5375,,Non-balance sheet recognised security position ,Long non-balance sheet recognised security position collateral received assigment,,,*,1,Y,N,None,Y,D0F54796-D350-E3DC-FBD3-8F0AC47B6353,1021,4C20DD6D-9340-0C90-B8DC-DFD27EA83D21,983,12
Low credit risk indicator for FINREP classifies 'Debt security for international financial reporting standard (IFRS),DA75945B-3FE1-4CE1-31BE-32494C407F7E,614,9D7CC9BA-BD7E-8F83-F961-A8D4CEE2E45E,5376,,Low credit risk indicator for FINREP,Debt security for international financial reporting standard (IFRS),,,*,1,Y,N,None,N,BE89D9E6-7FB7-DC6C-4601-F70FB96AC1BD,986,F35AEE70-3C1B-9ADC-70B3-AB973B0F2D55,756,1
Low credit risk indicator for FINREP classifies Balance sheet recognised financial asset instrument according to International Financial Reporting Standard (IFRS),DA75945B-3FE1-4CE1-31BE-32494C407F7E,614,D056987D-0922-8EFB-771E-53BAEA1C9548,5377,,Low credit risk indicator for FINREP,Balance sheet recognised financial asset instrument according to International Financial Reporting Standard (IFRS),,,*,1,Y,N,None,N,BE89D9E6-7FB7-DC6C-4601-F70FB96AC1BD,986,7339446F-A4AD-062D-76D4-8576DD58D4C0,672,1
Machinery and equipment collateral is measured by Protection valuation approach,DA75945B-3FE1-4CE1-31BE-32494C407F7E,614,2C783E8A-F4E7-0B4D-7B65-1FBB9920B12A,5378,,Protection valuation approach,Machinery and equipment collateral,,,*,1,Y,N,None,N,FEAECD04-84D6-BE28-0AFB-55F1488722F9,1180,53730AC6-E3CA-1F6B-1D34-78AF2148A25A,987,1
Main debtor type classifies Credit card debt Loan debtor assignment,DA75945B-3FE1-4CE1-31BE-32494C407F7E,614,73FE3534-3AC1-DFB8-604F-FB619B647320,5379,,Main debtor type,Credit card debt Loan debtor assignment,,,*,1,Y,N,None,N,578A6840-994B-72BA-F2AB-5DB2888CB35C,988,5D2B58AB-9ACF-0DE8-4224-69C85E35F560,724,1
Main debtor type classifies Other loan Loan debtor assignment,DA75945B-3FE1-4CE1-31BE-32494C407F7E,614,7E6D564A-4A7B-0F83-86A9-0B14E57DB988,5380,,Main debtor type,Other loan Loan debtor assignment,,,*,1,Y,N,None,N,578A6840-994B-72BA-F2AB-5DB2888CB35C,988,6380D577-E1FE-3A72-422A-F582BE319397,1107,1
Main debtor type classifies Trade receivable Assigned debtor assignment,DA75945B-3FE1-4CE1-31BE-32494C407F7E,614,9CEF37A5-8EF7-E38C-856A-978CF58337D7,5381,,Main debtor type,Trade receivable Assigned debtor assignment,,,*,1,Y,N,None,N,578A6840-994B-72BA-F2AB-5DB2888CB35C,988,0C7AB2CF-78C2-2FC0-DAA0-46CFC7856618,1336,1
Main Deposit-taking corporation type classifies Deposit Deposit-taking corporation assignment,DA75945B-3FE1-4CE1-31BE-32494C407F7E,614,C3D1EBD6-7CD6-990E-C69E-4780A4415072,5382,,Main Deposit-taking corporation type,Deposit Deposit-taking corporation assignment,,,*,1,Y,N,None,N,006F988A-2752-8BC3-EF58-95BE3C8EFF62,989,5B77D927-F7BE-DD1D-6A5C-64ACEBF9CC05,774,1
Main guarantor indicator classifies Guarantor Debt security assignment,DA75945B-3FE1-4CE1-31BE-32494C407F7E,614,0710CE26-94B9-B28C-99F3-95D7B753AF94,5383,,Main guarantor indicator,Guarantor Debt security assignment,,,*,1,Y,N,None,N,186E1371-4BD6-A4C4-C942-9041C77FCB6B,990,17AAA785-8A0B-51D6-D382-07DB46384D3D,884,1
Main lessee type classifies Financial lease Lessee assignment,DA75945B-3FE1-4CE1-31BE-32494C407F7E,614,AEDBF85C-3393-8008-7648-5AC9EE1EB0CC,5384,,Main lessee type,Financial lease Lessee assignment,,,*,1,Y,N,None,N,5FB38DDB-0232-B6C6-4D81-785418C616C7,991,6B53A29B-CD67-9AA5-64E9-AE999D38B0B4,854,1
Master agreement involves Financial contract(s) via Master agreement Financial contract assignment,DA75945B-3FE1-4CE1-31BE-32494C407F7E,614,F9127A22-EC89-2C07-99E3-79B57AEA6715,5385,,Master agreement,Master agreement Financial contract assignment,,,*,1,N,N,None,Y,2F5DEDC5-7CF5-83D8-8276-BDA699A9ED5D,992,9CE97C69-237D-9D4C-6151-A292A663FBAC,996,5
Master agreement with a clearing member has Clearing member via Master agreement Clearing member assignment,DA75945B-3FE1-4CE1-31BE-32494C407F7E,614,8C13F8D1-1045-B9FC-29F8-535530ED67E6,5386,,Master agreement with a clearing member,Master agreement Clearing member assignment,,,1,1,N,N,Master agreement with a clearing member,Y,CEA176F8-37E7-6EC1-357E-79046DB5D965,1000,0A27BD5C-1071-1F0B-88FF-6EA5ED8B30D8,994,5
Master agreement with a non-qualified central counterparty involves Non-qualified central counterparty via Master agreement Non-qualifying central counterparty assignment,DA75945B-3FE1-4CE1-31BE-32494C407F7E,614,6085B2DD-201C-0A78-F41B-B26520F63537,5387,,Master agreement with a non-qualified central counterparty,Master agreement Non-qualifying central counterparty assignment,,,1,1,N,N,Master agreement with a non-qualified central counterparty,Y,526F7D8A-EE8E-183A-C71A-C3264ED4CBBB,1001,2E6816D0-4B0B-630F-419D-DBCBC77D5CA0,997,5
Master agreement with a qualifying central counterparty involves Qualified central counterparty via Master agreement Qualifying central counterparty assignment,DA75945B-3FE1-4CE1-31BE-32494C407F7E,614,CAF33B59-9A34-5A5E-FD28-4CB13038409B,5388,,Master agreement with a qualifying central counterparty,Master agreement Qualifying central counterparty assignment,,,1,1,N,N,Master agreement with a qualifying central counterparty,Y,80E364CD-8B4E-F8DE-3CF7-C85241346A02,1002,F7187213-FE1F-C76D-69E7-A30D3979DEB0,998,5
Measurement method specifies Investment property,DA75945B-3FE1-4CE1-31BE-32494C407F7E,614,DF990FDC-09E5-B7EC-116E-4B24C74D6375,5389,,Measurement method,Investment property,,,*,1,Y,N,None,Y,4CFFDA12-4D16-FA98-6D00-9210BCCE2A56,1004,02E00201-0ACA-69C6-F56F-3B2C690AFC81,922,1
Measurement method specifies Other intangible asset,DA75945B-3FE1-4CE1-31BE-32494C407F7E,614,ED25310C-4095-3F42-DE3C-A19A8B5CDA94,5390,,Measurement method,Other intangible asset,,,*,1,Y,N,None,Y,4CFFDA12-4D16-FA98-6D00-9210BCCE2A56,1004,B0A68774-AE19-592E-515D-4033B459C533,1104,1
"Measurement method specifies Property, plant and equipment",DA75945B-3FE1-4CE1-31BE-32494C407F7E,614,C5277F12-ACD1-0078-BD27-D4FB0C90D0E7,5391,,Measurement method,"Property, plant and equipment",,,*,1,Y,N,None,Y,4CFFDA12-4D16-FA98-6D00-9210BCCE2A56,1004,D686F9F6-0CDE-CEE3-9F51-1A55CA17B97A,1169,1
Model Context provides context for Risk factor for standardised approach,DA75945B-3FE1-4CE1-31BE-32494C407F7E,614,5C5FE6BB-E027-4938-BF9F-C92892E6466A,5392,,Model Context,Risk factor for standardised approach,,,*,1,Y,N,None,Y,23700D94-7BD4-B730-CE3A-BD73D77FEEAE,1005,569226D4-0B71-7630-0EE4-00E6F7A871C8,1241,4
Model Context specifies 30% Fair value decrease contingent encumbrance,DA75945B-3FE1-4CE1-31BE-32494C407F7E,614,08EFEB1B-6C32-949D-7E3A-7907E9EFE1F9,5393,,Model Context,30% Fair value decrease contingent encumbrance,,,*,1,Y,N,None,Y,23700D94-7BD4-B730-CE3A-BD73D77FEEAE,1005,9A2BD7F7-6D4A-3F63-D1DE-ABAA2CCB0F7E,619,4
Model Context specifies Asset pool (subject to a Securitisation and other credit transfer),DA75945B-3FE1-4CE1-31BE-32494C407F7E,614,10877A84-D5CE-0134-0EAD-164CA7BFE3E4,5394,,Model Context,Asset pool (subject to a Securitisation and other credit transfer),,,*,1,Y,N,None,Y,23700D94-7BD4-B730-CE3A-BD73D77FEEAE,1005,CF3123E9-C3A5-7650-8DD2-DBE9CABA5872,644,4
Model Context specifies Balance sheet netting,DA75945B-3FE1-4CE1-31BE-32494C407F7E,614,2CD15B04-37F7-D12B-C745-F33B1E58BF7B,5395,,Model Context,Balance sheet netting,,,*,1,Y,N,None,Y,23700D94-7BD4-B730-CE3A-BD73D77FEEAE,1005,23148432-A874-DA9F-FEEC-2D786093A281,661,4
Model Context specifies Cash on hand,DA75945B-3FE1-4CE1-31BE-32494C407F7E,614,7AE80271-C925-CE07-6560-551F3689C415,5396,,Model Context,Cash on hand,,,*,1,Y,N,None,Y,23700D94-7BD4-B730-CE3A-BD73D77FEEAE,1005,ECF68788-373E-1D0F-3815-7A354DDD7269,685,4
Model Context specifies Collateral,DA75945B-3FE1-4CE1-31BE-32494C407F7E,614,6C523C04-885F-8E68-1CC3-FE4D31D1EE2F,5397,,Model Context,Collateral,,,*,1,Y,N,None,Y,23700D94-7BD4-B730-CE3A-BD73D77FEEAE,1005,4793B60D-47B8-57C4-12B5-6BD21499308A,695,4
Model Context specifies context for Risk position (Kb) per bucket derived data,DA75945B-3FE1-4CE1-31BE-32494C407F7E,614,06FED98A-AB48-1A75-8F7D-891AEA1B8E08,5398,,Model Context,Risk position (Kb) per bucket derived data,,,*,1,Y,N,None,Y,23700D94-7BD4-B730-CE3A-BD73D77FEEAE,1005,66398151-2CB1-A911-4B68-334948A9F8D0,1242,4
Model Context specifies Covered bond programme,DA75945B-3FE1-4CE1-31BE-32494C407F7E,614,8298AA13-AFCA-BD97-00C6-FB4265D2B843,5399,,Model Context,Covered bond programme,,,*,1,Y,N,None,Y,23700D94-7BD4-B730-CE3A-BD73D77FEEAE,1005,459D3125-2F68-477E-EAC2-635498AA4DB0,720,4
Model Context specifies Credit facility,DA75945B-3FE1-4CE1-31BE-32494C407F7E,614,8FA83D58-F066-CD01-1642-A91C9B1AF08B,5400,,Model Context,Credit facility,,,*,1,Y,N,None,Y,23700D94-7BD4-B730-CE3A-BD73D77FEEAE,1005,FB69AB11-CA2F-CB73-8B7F-7D06ABB9DDE3,725,4
Model Context specifies Credit transfer other than securitisation and covered bond programme,DA75945B-3FE1-4CE1-31BE-32494C407F7E,614,50FF032B-3E2C-2C10-9BF0-43BD71E247E9,5401,,Model Context,Credit transfer other than securitisation and covered bond programme,,,*,1,Y,N,None,Y,23700D94-7BD4-B730-CE3A-BD73D77FEEAE,1005,99A8FAFD-054C-C867-FE11-69640A2ACE80,746,4
Model Context specifies Employee benefit,DA75945B-3FE1-4CE1-31BE-32494C407F7E,614,143F2912-71DD-060E-D5BF-E9CB31F76C3A,5402,,Model Context,Employee benefit,,,*,1,Y,N,None,Y,23700D94-7BD4-B730-CE3A-BD73D77FEEAE,1005,7CF1A73F-A8DD-3582-9672-DB908CB20CD3,788,4
Model Context specifies Financial contract,DA75945B-3FE1-4CE1-31BE-32494C407F7E,614,F457CA5E-1B91-EDAA-7E46-4C0307479C54,5403,,Model Context,Financial contract,,,*,1,Y,N,None,Y,23700D94-7BD4-B730-CE3A-BD73D77FEEAE,1005,192AB5DF-213F-92A7-9CB9-66B5821AC574,845,4
Model Context specifies Funds for general banking risk,DA75945B-3FE1-4CE1-31BE-32494C407F7E,614,7B128A19-6974-7B56-5640-F8F3E6ADF1D5,5404,,Model Context,Funds for general banking risk,,,*,1,Y,N,None,Y,23700D94-7BD4-B730-CE3A-BD73D77FEEAE,1005,554C669B-6489-8F62-E15C-5F2AEE525A7E,870,4
Model Context specifies Gold,DA75945B-3FE1-4CE1-31BE-32494C407F7E,614,D7E3ACC2-6D24-29EB-9339-9D086F8E7166,5405,,Model Context,Gold,,,*,1,Y,N,None,Y,23700D94-7BD4-B730-CE3A-BD73D77FEEAE,1005,2D0555CE-928E-ADCE-45E9-17D395275EAF,873,4
Model Context specifies Goodwill,DA75945B-3FE1-4CE1-31BE-32494C407F7E,614,BCC17B1E-3732-DCE1-E87F-4BD43ED5AD68,5406,,Model Context,Goodwill,,,*,1,Y,N,None,Y,23700D94-7BD4-B730-CE3A-BD73D77FEEAE,1005,8184D48D-8A30-028E-8202-306D5C4FE44F,875,4
Model Context specifies Group,DA75945B-3FE1-4CE1-31BE-32494C407F7E,614,F43E969C-1942-1DA8-FA9F-1DCECF9F9CF4,5407,,Model Context,Group,,,*,1,Y,N,None,Y,23700D94-7BD4-B730-CE3A-BD73D77FEEAE,1005,5D3AB61C-5FEB-9C28-A5C1-D028C0DD9C02,877,4
Model Context specifies Instrument,DA75945B-3FE1-4CE1-31BE-32494C407F7E,614,E88B312D-021C-EF57-F5C1-553E0A07B68B,5408,,Model Context,Instrument,,,*,1,Y,N,None,Y,23700D94-7BD4-B730-CE3A-BD73D77FEEAE,1005,54907B80-5ADD-5298-6AE7-54D1AC9CA6F6,896,4
Model Context specifies Interest rate risk hedge portfolio,DA75945B-3FE1-4CE1-31BE-32494C407F7E,614,AF6346FD-47AA-8801-61C5-99AED31BE240,5409,,Model Context,Interest rate risk hedge portfolio,,,*,1,Y,N,None,Y,23700D94-7BD4-B730-CE3A-BD73D77FEEAE,1005,6492E8D9-FD91-6B31-CE87-B8CF6C5292F6,911,4
Model Context specifies Investment property,DA75945B-3FE1-4CE1-31BE-32494C407F7E,614,F96E42BA-2962-2404-071F-7BFC5718B062,5410,,Model Context,Investment property,,,*,1,Y,N,None,Y,23700D94-7BD4-B730-CE3A-BD73D77FEEAE,1005,02E00201-0ACA-69C6-F56F-3B2C690AFC81,922,4
Model Context specifies Master agreement,DA75945B-3FE1-4CE1-31BE-32494C407F7E,614,E4159740-6265-9D4D-6565-2C53B9A2E951,5411,,Model Context,Master agreement,,,*,1,Y,N,None,Y,23700D94-7BD4-B730-CE3A-BD73D77FEEAE,1005,2F5DEDC5-7CF5-83D8-8276-BDA699A9ED5D,992,4
Model Context specifies Other intangible asset,DA75945B-3FE1-4CE1-31BE-32494C407F7E,614,6E235627-BA49-BE3E-0BB0-DD4B0E8D66B4,5412,,Model Context,Other intangible asset,,,*,1,Y,N,None,Y,23700D94-7BD4-B730-CE3A-BD73D77FEEAE,1005,B0A68774-AE19-592E-515D-4033B459C533,1104,4
Model Context specifies Other non-financial asset not taken into possession,DA75945B-3FE1-4CE1-31BE-32494C407F7E,614,6E4F0D06-BB3F-A037-3483-415516AD70C6,5413,,Model Context,Other non-financial asset,,,*,1,Y,N,None,Y,23700D94-7BD4-B730-CE3A-BD73D77FEEAE,1005,51C26692-6E97-9B54-4619-F03C70980AE1,1108,4
Model Context specifies Other non-financial liability,DA75945B-3FE1-4CE1-31BE-32494C407F7E,614,34FC9991-12E2-B068-9234-D259C4EE9BD3,5414,,Model Context,Other non-financial liability,,,*,1,Y,N,None,Y,23700D94-7BD4-B730-CE3A-BD73D77FEEAE,1005,674F17E5-E381-FA0E-7EDD-2D03CB0F96B8,1109,4
Model Context specifies Other provision,DA75945B-3FE1-4CE1-31BE-32494C407F7E,614,A1339695-6DBE-2C5C-B059-59AC4040C7F4,5415,,Model Context,Other provision,,,*,1,Y,N,None,Y,23700D94-7BD4-B730-CE3A-BD73D77FEEAE,1005,2B959858-ED66-E637-65A5-E913DF1337C3,1117,4
Model Context specifies Party,DA75945B-3FE1-4CE1-31BE-32494C407F7E,614,88D1C20F-0309-8AD1-490A-603A49B431D2,5416,,Model Context,Party,,,*,1,Y,N,None,Y,23700D94-7BD4-B730-CE3A-BD73D77FEEAE,1005,68582837-AD3C-8E9C-DB5E-68322CD1DE08,1140,4
Model Context specifies Pending legal issues and tax litigation,DA75945B-3FE1-4CE1-31BE-32494C407F7E,614,480DD4EA-99EE-CA8C-99C2-17174F3236BF,5417,,Model Context,Pending legal issues and tax litigation,,,*,1,Y,N,None,Y,23700D94-7BD4-B730-CE3A-BD73D77FEEAE,1005,88451CD7-108A-BDBD-CD39-83847571F4AE,1152,4
"Model Context specifies Property, plant and equipment",DA75945B-3FE1-4CE1-31BE-32494C407F7E,614,9DD231A7-B80D-30AC-CD82-2B8C4290CA23,5418,,Model Context,"Property, plant and equipment",,,*,1,Y,N,None,Y,23700D94-7BD4-B730-CE3A-BD73D77FEEAE,1005,D686F9F6-0CDE-CEE3-9F51-1A55CA17B97A,1169,4
Model Context specifies Protection arrangement,DA75945B-3FE1-4CE1-31BE-32494C407F7E,614,151CCCCD-6A8A-16C0-3FD9-CBE6BBE076B3,5419,,Model Context,Protection arrangement,,,*,1,Y,N,None,Y,23700D94-7BD4-B730-CE3A-BD73D77FEEAE,1005,D90C681A-3D3F-0145-98F5-FCD872705D92,1171,4
Model Context specifies Restructuring,DA75945B-3FE1-4CE1-31BE-32494C407F7E,614,17666C97-DE9D-526A-904A-E419A52BD58E,5420,,Model Context,Restructuring,,,*,1,Y,N,None,Y,23700D94-7BD4-B730-CE3A-BD73D77FEEAE,1005,A9749302-9B20-560F-E3E0-06A30808901D,1236,4
Model Context specifies Securitisation,DA75945B-3FE1-4CE1-31BE-32494C407F7E,614,C831828F-D9EE-ABD9-459C-100B8BDEE338,5421,,Model Context,Securitisation,,,*,1,Y,N,None,Y,23700D94-7BD4-B730-CE3A-BD73D77FEEAE,1005,EC05B5FC-3397-964C-AAF0-C65C085847AA,1247,4
Model Context specifies Security and exchange tradable derivative,DA75945B-3FE1-4CE1-31BE-32494C407F7E,614,3262A231-8F14-0F1A-4155-278274C6EC68,5422,,Model Context,Security and exchange tradable derivative,,,*,1,Y,N,None,Y,23700D94-7BD4-B730-CE3A-BD73D77FEEAE,1005,3EAB1EAE-8096-61A6-EEA8-6D5701B68A0D,1257,4
Model Context specifies Share capital repayable on demand,DA75945B-3FE1-4CE1-31BE-32494C407F7E,614,CDFD9189-62FB-ED5C-9E95-81963C42B879,5423,,Model Context,Share capital repayable on demand,,,*,1,Y,N,None,Y,23700D94-7BD4-B730-CE3A-BD73D77FEEAE,1005,E8B7B865-D8F1-CDBD-123F-55AE7DAAEF1C,1285,4
Model Context specifies Significant currency 10% depreciation contingent encumbrance,DA75945B-3FE1-4CE1-31BE-32494C407F7E,614,A359A73C-3AC0-920D-DA43-A5166B96DEBE,5424,,Model Context,Significant currency 10% depreciation contingent encumbrance,,,*,1,Y,N,None,Y,23700D94-7BD4-B730-CE3A-BD73D77FEEAE,1005,0FDCA4D8-B545-6B9A-4566-483B777FF9EE,1295,4
Model Context specifies Tax asset,DA75945B-3FE1-4CE1-31BE-32494C407F7E,614,CE139DE2-BC8D-AD81-E9D1-21B9DFA650DE,5425,,Model Context,Tax asset,,,*,1,Y,N,None,Y,23700D94-7BD4-B730-CE3A-BD73D77FEEAE,1005,B333CBA7-F728-D43E-8AB3-496B4C78ED81,1330,4
Model Context specifies Tax liability,DA75945B-3FE1-4CE1-31BE-32494C407F7E,614,4126A81E-482E-ACB6-BE09-A8E94999950F,5426,,Model Context,Tax liability,,,*,1,Y,N,None,Y,23700D94-7BD4-B730-CE3A-BD73D77FEEAE,1005,6EF4BE21-6C9F-ECE1-8AAD-4381A86750B5,1331,4
Multilateral development bank indicator classifies International organisation(s),DA75945B-3FE1-4CE1-31BE-32494C407F7E,614,CE3516C8-4C93-48FE-716F-E84F0AABC70A,5427,,Multilateral development bank indicator,International organisation,,,*,1,Y,N,None,N,19F7395F-0212-A01D-6324-A63C83FFF418,1007,BB902D77-F0D4-07A3-B64A-103FAF25D7D2,916,1
Multiple forbearance measures in place indicator is applied to Renegotiated debt security with forbearance measure,DA75945B-3FE1-4CE1-31BE-32494C407F7E,614,5A867A8B-DD4A-B824-A751-D268CDE633C4,5428,,Multiple forbearance measures in place indicator,Renegotiated debt security with forbearance measure,,,*,1,Y,N,None,N,934C4D97-C9CB-47B6-2368-E198A716159B,1008,D75D6D18-936A-0C07-C659-115112F6CEE2,1214,1
Multiple forbearance measures in place indicator is applied to Renegotiated financial asset instrument with forbearance measure,DA75945B-3FE1-4CE1-31BE-32494C407F7E,614,2F99CA47-3EA1-9E13-9A93-584E0195247E,5429,,Multiple forbearance measures in place indicator,Renegotiated financial asset instrument with forbearance measure,,,*,1,Y,N,None,N,934C4D97-C9CB-47B6-2368-E198A716159B,1008,8C62256E-C754-34FA-25DD-E5EA41B6F74E,1218,1
Natural person acts in Natural person group role,DA75945B-3FE1-4CE1-31BE-32494C407F7E,614,AEA7B107-C7F0-FD0D-2CA9-B63B1D2615B0,5430,,Natural person,Natural person group role,,,*,1,Y,N,None,Y,D457AA83-122D-7CA4-C95B-BF2AA279A7F7,1009,10F0E765-417F-94DF-207A-9A3A4595D9FA,1010,5
Natural person is influence on Key management personnel via Natural person Key management personnel assignment,DA75945B-3FE1-4CE1-31BE-32494C407F7E,614,502102C7-A45C-F2CD-1686-1B695CC92EE1,5431,,Natural person,Natural person Key management personnel assignment,,,*,1,Y,N,None,Y,D457AA83-122D-7CA4-C95B-BF2AA279A7F7,1009,9DA1342F-49E4-FE44-0F0B-611E4FA096B3,1011,5
Negotiable security indicator classifies International securities identification number security,DA75945B-3FE1-4CE1-31BE-32494C407F7E,614,B81FFFE3-A762-D522-D5F3-493CC07F33AE,5432,,Negotiable security indicator,International securities identification number security,,,*,1,Y,N,None,N,F4C36979-9256-5D44-6691-41C6C014775C,1012,A1658D0B-EBAD-7991-5177-2104D751D16D,920,1
Non-balance sheet recognised security positition is part of an asset pool via Asset pool Non-balance sheet recognised security position assignment,DA75945B-3FE1-4CE1-31BE-32494C407F7E,614,5AC89AED-C1AF-52B1-AEDD-9A3CDBFDF31D,5433,,Non-balance sheet recognised security position ,Asset pool Non-balance sheet recognised security position assignment,,,*,1,Y,N,None,Y,D0F54796-D350-E3DC-FBD3-8F0AC47B6353,1021,F85E3E26-6E1E-FFE9-99B6-7BA7F7337358,654,12
Non-central government rating system has Rating grade for issuer based rating system for non-central government,DA75945B-3FE1-4CE1-31BE-32494C407F7E,614,32DFDCB7-4FCC-4F14-0CF0-FF22D1365080,5434,,Non-central government rating system,Rating grade for issuer based rating system for non-central government,,,*,1,N,N,None,Y,0FB1E594-B7AE-C49A-B224-019C9CF41DFB,1023,83752818-BDE0-516E-DCDD-E87ECF55FB6B,1198,2
Non-European Union member address hosts Non-European Union member party,DA75945B-3FE1-4CE1-31BE-32494C407F7E,614,C8864117-32EE-D1EA-B372-B157B00488AD,5435,,Non-European Union member address,Non-European Union member party,,,*,1,Y,N,None,N,DEDF1945-5BAB-A3F9-63F2-357C2F31661C,1025,A0187449-1CDB-6009-86A7-801C1FFCCD85,1027,4
Non-European Union member country has Non-European Union member postal code,DA75945B-3FE1-4CE1-31BE-32494C407F7E,614,35D3CD8F-7B0E-7775-88DE-8C056843FE28,5436,,Non-European Union member country,Non-European Union member postal code,,,*,1,Y,N,None,Y,49F7FA1D-DF81-7473-57A7-DFFE580E48D0,1026,0DDBA583-C61F-29E0-0FE4-60301FFBB5FC,1028,1
Non-European Union member postal code has Non-European Union member address,DA75945B-3FE1-4CE1-31BE-32494C407F7E,614,612E14D6-A64B-64A7-9303-A13C0FC838DB,5437,,Non-European Union member postal code,Non-European Union member address,,,*,1,Y,N,None,Y,0DDBA583-C61F-29E0-0FE4-60301FFBB5FC,1028,DEDF1945-5BAB-A3F9-63F2-357C2F31661C,1025,2
Non-International securities identification number security has Non-International securities identification number security derived data,DA75945B-3FE1-4CE1-31BE-32494C407F7E,614,045264F7-C785-B9B5-6D70-6337ECE5C97E,5438,,Non-International securities identification number security,Non-International securities identification number security derived data,,,1,1,N,N,Non-International securities identification number security,Y,364979F8-03E0-D25A-2EA7-B61578D6C41C,1042,5DB0BC18-2996-D0E0-8EDB-309FF8F72692,1043,5
Non-performing exit criteria met indicator is applied to Default financial asset instrument individually assessed,DA75945B-3FE1-4CE1-31BE-32494C407F7E,614,12B407A3-1028-C351-DE1A-E5798F9014AE,5439,,Non-performing exit criteria met indicator,Default financial asset instrument individually assessed,,,*,1,Y,N,None,N,715F0BA1-5931-E463-8506-E5D628EEE9C4,1046,DA151DC7-7B94-A55E-0D48-C21F53769CFF,766,1
Non-performing exit criteria met indicator is applied to Non-performing debt security,DA75945B-3FE1-4CE1-31BE-32494C407F7E,614,2DE63ED3-3488-6730-E399-D078324C0E9C,5440,,Non-performing exit criteria met indicator,Non-performing debt security,,,*,1,Y,N,None,N,715F0BA1-5931-E463-8506-E5D628EEE9C4,1046,A4855C66-FDB4-306A-0F2B-44BAB9ADC2A5,1045,1
Non-performing exit criteria met indicator is applied to Non-performing financial asset instrument debtor assessed,DA75945B-3FE1-4CE1-31BE-32494C407F7E,614,435E4EF5-71BB-6F9B-BD31-91C45329FE5F,5441,,Non-performing exit criteria met indicator,Non-performing financial asset instrument debtor assessed,,,*,1,Y,N,None,N,715F0BA1-5931-E463-8506-E5D628EEE9C4,1046,39EA12A6-5E06-D3B8-1CCD-42401743A67E,1047,1
Non-performing exit criteria met indicator is applied to Non-performing non-default financial asset instrument individually assessed,DA75945B-3FE1-4CE1-31BE-32494C407F7E,614,CA4724A8-BA96-038B-A7D6-82E560773813,5442,,Non-performing exit criteria met indicator,Non-performing non-default financial asset instrument individually assessed,,,*,1,Y,N,None,N,715F0BA1-5931-E463-8506-E5D628EEE9C4,1046,3AE66124-33B1-36CC-85B9-58CF219A5B15,1048,1
Non-performing exit criteria met indicator is applied to Non-performing non-retail exposure class financial asset instrument,DA75945B-3FE1-4CE1-31BE-32494C407F7E,614,9B1855EB-3E65-9789-FAF4-58F37E1A4E6F,5443,,Non-performing exit criteria met indicator,Non-performing non-retail exposure class financial asset instrument,,,*,1,Y,N,None,N,715F0BA1-5931-E463-8506-E5D628EEE9C4,1046,779C3E16-8622-5CF9-0F7F-038A39CD74BA,1049,1
Non-performing prior to forbearance type classifies Credit facility risk data,DA75945B-3FE1-4CE1-31BE-32494C407F7E,614,759692F6-8CC2-EC90-D20A-02CC52B1FD2D,5444,,Non-performing prior to forbearance type,Credit facility risk data,,,*,1,Y,N,None,N,A0F486F9-AE6B-CB81-CCAB-A0129196A81A,1050,536D9BE8-895C-32C3-C6AD-50ABD7478588,732,1
Non-performing prior to forbearance type classifies Debt security issued (by the reporting agent),DA75945B-3FE1-4CE1-31BE-32494C407F7E,614,04AC7817-0FAD-0AA7-C13C-38501096D85B,5445,,Non-performing prior to forbearance type,Debt security issued (by the reporting agent),,,*,1,Y,N,None,N,A0F486F9-AE6B-CB81-CCAB-A0129196A81A,1050,101580C7-7A41-DBA0-F668-CA0B21D0D2A3,758,1
Non-performing prior to forbearance type classifies Default financial asset instrument individually assessed,DA75945B-3FE1-4CE1-31BE-32494C407F7E,614,531B7782-ECE4-0FDE-AEB7-FB511660AE0A,5446,,Non-performing prior to forbearance type,Default financial asset instrument individually assessed,,,*,1,Y,N,None,N,A0F486F9-AE6B-CB81-CCAB-A0129196A81A,1050,DA151DC7-7B94-A55E-0D48-C21F53769CFF,766,1
Non-performing prior to forbearance type classifies Long balance sheet recognised debt security position,DA75945B-3FE1-4CE1-31BE-32494C407F7E,614,9832E4AD-52AA-9180-34F4-ED7E3E3DDD5C,5447,,Non-performing prior to forbearance type,Long balance sheet recognised security position prudential portfolio Accounting classification assignment,,,*,1,Y,N,None,N,A0F486F9-AE6B-CB81-CCAB-A0129196A81A,1050,8C41CD82-6B5E-E1F3-6046-8A212990D177,975,1
Non-performing prior to forbearance type classifies Non-performing financial asset instrument debtor assessed,DA75945B-3FE1-4CE1-31BE-32494C407F7E,614,CE430DCB-1B5B-DFEF-91F9-6C8845033173,5448,,Non-performing prior to forbearance type,Non-performing financial asset instrument debtor assessed,,,*,1,Y,N,None,N,A0F486F9-AE6B-CB81-CCAB-A0129196A81A,1050,39EA12A6-5E06-D3B8-1CCD-42401743A67E,1047,1
Non-performing prior to forbearance type classifies Non-performing non-default financial asset instrument individually assessed,DA75945B-3FE1-4CE1-31BE-32494C407F7E,614,ED91B7DD-E80E-22DB-C7EB-B70FCEF5F2A9,5449,,Non-performing prior to forbearance type,Non-performing non-default financial asset instrument individually assessed,,,*,1,Y,N,None,N,A0F486F9-AE6B-CB81-CCAB-A0129196A81A,1050,3AE66124-33B1-36CC-85B9-58CF219A5B15,1048,1
Non-performing prior to forbearance type classifies Non-performing non-retail exposure class financial asset instrument,DA75945B-3FE1-4CE1-31BE-32494C407F7E,614,20B7C3FB-FB7A-ECC0-7DEC-6E30CCE2B0CA,5450,,Non-performing prior to forbearance type,Non-performing non-retail exposure class financial asset instrument,,,*,1,Y,N,None,N,A0F486F9-AE6B-CB81-CCAB-A0129196A81A,1050,779C3E16-8622-5CF9-0F7F-038A39CD74BA,1049,1
Non-qualifying central counterparty is involved in Master agreement(s) with non-qualifying central counterparty via Master agreement Non-qualifying central counterparty assignment,DA75945B-3FE1-4CE1-31BE-32494C407F7E,614,F1901031-CEC6-D990-A472-762823996FF2,5451,,Non-qualifying central counterparty,Master agreement Non-qualifying central counterparty assignment,,,*,1,Y,N,None,Y,F39F110F-608B-E7F4-591A-DCEE8C23A321,1052,2E6816D0-4B0B-630F-419D-DBCBC77D5CA0,997,6
Non-registered Postal Code system country has No registered Postal Code system address,DA75945B-3FE1-4CE1-31BE-32494C407F7E,614,5F9A789C-CD13-D700-F945-FF0AC65BAF95,5452,,Non-registered Postal Code system country,No registered Postal Code system address,,,*,1,Y,N,None,Y,38F62856-4F46-505C-1193-B734E18C46AF,1053,FFEDC4BB-0EF3-35C2-125C-E6221DB500B6,1063,1
Non-reporting member state is location of Real estate collateral not located in a member state,DA75945B-3FE1-4CE1-31BE-32494C407F7E,614,65397094-1C5F-FE8F-3070-06FA9439EF5A,5453,,Non-reporting member state,Real estate collateral not located in a member state,,,*,1,Y,N,None,N,F51E7560-FD23-1D51-4E22-B07D4344D1F3,1057,9665621A-9D57-F644-B1B1-17415462947A,1203,1
No registered Postal Code system address hosts No registered Postal Code system party,DA75945B-3FE1-4CE1-31BE-32494C407F7E,614,18462D82-9EF3-52B0-5443-12085806B718,5454,,No registered Postal Code system address,No registered Postal Code system party,,,*,1,Y,N,None,N,FFEDC4BB-0EF3-35C2-125C-E6221DB500B6,1063,6FB4196B-0F5B-358F-DF75-091BAFE793DC,1064,3
Numeric rating system is applied to Legal person(s) via Rating system applied to a Legal person,DA75945B-3FE1-4CE1-31BE-32494C407F7E,614,67A9C8AC-BC21-CB50-2F8A-5BE8A2E01D15,5455,,Numeric rating system,Rating system applied to a Legal person,,,*,1,N,N,None,Y,2187F485-366D-5BF2-B361-5D07B5117237,1068,A6BB0BF2-2285-739D-4F21-B9133B1A362B,1200,2
Observed agent indicator for Anacredit reporting classifies Credit institution derived data,DA75945B-3FE1-4CE1-31BE-32494C407F7E,614,3A7F75C0-D97C-26DC-C3C5-849672DD3AE4,5456,,Observed agent indicator for Anacredit reporting,Credit institution derived data,,,1,1,Y,N,None,N,A5A8B0EB-1A34-14D5-9B60-D5CB706D869E,1069,03A4F61E-878D-5211-7EE2-51710E37F589,737,1
Observed agent indicator for Anacredit reporting classifies Foreign branch derived data,DA75945B-3FE1-4CE1-31BE-32494C407F7E,614,8EA8C373-2A7C-FBE6-078E-EF30940FA994,5457,,Observed agent indicator for Anacredit reporting,Foreign branch derived data,,,1,1,Y,N,None,N,A5A8B0EB-1A34-14D5-9B60-D5CB706D869E,1069,124FD91B-E11D-709E-7D15-74668295166F,862,1
Off-balance instrument has assigned Collateral received via Off-balance instrument Collateral received assignment,DA75945B-3FE1-4CE1-31BE-32494C407F7E,614,4170FC3D-E925-8D3C-9667-3F56D91CA6EA,5458,,Off-balance instrument,Off-balance instrument Collateral received assignment,,,*,1,Y,N,None,Y,0BA391DF-4546-E207-BED7-A5437CCDDFE7,1070,FEF00C66-CC8A-B061-1495-16AA9FB628D7,1072,5
Off-balance instrument has Off-balance instrument derived data,DA75945B-3FE1-4CE1-31BE-32494C407F7E,614,89E16B88-F493-DC5C-64DB-06DD85F4421F,5459,,Off-balance instrument,Off-balance instrument derived data,,,1,1,Y,N,None,N,0BA391DF-4546-E207-BED7-A5437CCDDFE7,1070,BEA01F60-649B-F63F-B23E-329BA1CB673C,1073,5
Off-balance instrument is protected by Protection item via Off-balance instrument Collateral given assignment,DA75945B-3FE1-4CE1-31BE-32494C407F7E,614,9D708814-AFC4-18AF-055A-E9A5400F777E,5460,,Off-balance instrument,Off-balance instrument Collateral given assignment,,,*,1,Y,N,None,Y,0BA391DF-4546-E207-BED7-A5437CCDDFE7,1070,838313BF-5398-7A18-08C7-3D12F4E8FE2C,1071,5
Off-balance sheet item given instrument may have Off-balance sheet item given instrument derived data,DA75945B-3FE1-4CE1-31BE-32494C407F7E,614,365628B6-B13E-792B-8D75-63894D513A0C,5461,,Off-balance sheet item given instrument,Off-balance sheet item given instrument derived data,,,1,1,Y,N,Off-balance sheet item given instrument,Y,F7CE6C6C-5F4E-2BA8-B205-B1E9F0BB3D0E,1074,41AF9BCF-3A30-E769-02F3-A0FD1ACDC86E,1075,6
Organisation acts in Organisation role,DA75945B-3FE1-4CE1-31BE-32494C407F7E,614,66658E6D-535C-BE86-3854-9DF0BA6FBB96,5462,,Organisation,Organisation role,,,*,1,Y,N,None,Y,36F4F142-0055-6B37-EB1E-64DFB173402F,1083,4D6F8025-26D8-3963-1AF2-B9D0C5B77B54,1086,5
Organisation comprises Organisational unit(s),DA75945B-3FE1-4CE1-31BE-32494C407F7E,614,386F89F4-6AEC-DA68-DB61-D84078148AFB,5463,,Organisation,Organisational unit,,,*,1,Y,N,None,N,36F4F142-0055-6B37-EB1E-64DFB173402F,1083,BBE9E655-D7FE-9699-EE8A-796E13407C83,1084,5
Organisation has Organisation risk data,DA75945B-3FE1-4CE1-31BE-32494C407F7E,614,D0AC7850-F873-ECF4-BFD0-BED5F9E4BBE7,5464,,Organisation,Organisation risk data,,,1,1,Y,N,Organisation,Y,36F4F142-0055-6B37-EB1E-64DFB173402F,1083,738EC625-A767-BF44-F3AB-E6042E942CD2,1085,5
Organisation is ultimate parent of Organisation(s),DA75945B-3FE1-4CE1-31BE-32494C407F7E,614,B0EB9733-6B90-BA77-390B-1EC67ADE9E76,5465,,Organisation,Organisation,,,*,1,Y,N,None,N,36F4F142-0055-6B37-EB1E-64DFB173402F,1083,36F4F142-0055-6B37-EB1E-64DFB173402F,1083,0
Other commitment has Creditor via Other commitment Creditor assignment,DA75945B-3FE1-4CE1-31BE-32494C407F7E,614,2CA7CD8E-466B-DE68-7215-CC77A17855CC,5466,,Other commitment,Other commitment Creditor assignment,,,1,1,Y,N,Other commitment,Y,700D7AEA-9B3A-9580-C857-84608872F5AE,1093,BC34A942-50AA-98C4-D237-EEE6BD494811,1094,5
Other commitment has Debtor via Other commitment Loan debtor assignment,DA75945B-3FE1-4CE1-31BE-32494C407F7E,614,2E1946DE-268E-ED89-E62D-BC0A02E5BE1B,5467,,Other commitment,Other commitment Loan debtor assignment,,,1,1,Y,N,Other commitment,Y,700D7AEA-9B3A-9580-C857-84608872F5AE,1093,3E666059-20D6-278B-BF0B-76220C7DFCD9,1095,5
Other commodity collateral is measured by Protection valuation approach,DA75945B-3FE1-4CE1-31BE-32494C407F7E,614,78C24647-FBCA-A8FF-FD58-DAEBC01EED27,5468,,Protection valuation approach,Other commodity collateral,,,*,1,Y,N,None,N,FEAECD04-84D6-BE28-0AFB-55F1488722F9,1180,DF76AB91-9970-0D60-B03D-0699B167A21A,1096,1
Other financial collateral is measured by Protection valuation approach,DA75945B-3FE1-4CE1-31BE-32494C407F7E,614,7478E2F1-6946-1BA9-24BB-AF2DFD3DACD0,5469,,Protection valuation approach,Other financial collateral,,,*,1,Y,N,None,N,FEAECD04-84D6-BE28-0AFB-55F1488722F9,1180,B5BDC420-D632-2A71-7146-D3E1182D3A7D,1099,1
Other loan has Creditor via Other loan Creditor assignment,DA75945B-3FE1-4CE1-31BE-32494C407F7E,614,9CAB6B73-9563-9FBB-EA68-98C492BA648C,5470,,Other loan,Other loan Creditor assignment,,,*,1,Y,N,Other loan,Y,95FE2BF1-A996-11A5-9B86-89B3225AD688,1105,053AAD2F-0FEA-D5AE-2459-FE9EBEB05DEF,1106,5
Other loan has Debtor(s) via Other loan Loan debtor assignment,DA75945B-3FE1-4CE1-31BE-32494C407F7E,614,1A426EF4-C22F-1A86-5303-E01D3CB9586D,5471,,Other loan,Other loan Loan debtor assignment,,,*,1,Y,N,None,Y,95FE2BF1-A996-11A5-9B86-89B3225AD688,1105,6380D577-E1FE-3A72-422A-F582BE319397,1107,5
Other party code has Other party identifier,DA75945B-3FE1-4CE1-31BE-32494C407F7E,614,F1D2ACC5-79CD-0769-36D6-5EB2DB8FFDD9,5472,,Other party code,Other party identifier,,,*,1,Y,N,None,Y,C215FAAD-63BC-6BE6-343B-2D27F432181E,1114,8AD96025-FA8C-6214-F256-9D3EF1E912F7,1115,6
Other physical collateral is measured by Protection valuation approach,DA75945B-3FE1-4CE1-31BE-32494C407F7E,614,2A612B48-65EC-0FC9-E20D-FB1CC29B0078,5473,,Protection valuation approach,Other physical collateral,,,*,1,Y,N,None,N,FEAECD04-84D6-BE28-0AFB-55F1488722F9,1180,055BC8D9-2CAD-DC47-E8EC-AD1F5A52D649,1116,1
Over the counter (OTC) Credit default swap is used in Over the counter (OTC) Credit default swap Collateral received instrument assignment,DA75945B-3FE1-4CE1-31BE-32494C407F7E,614,7B981BE4-3C59-1323-5414-A695C34795C6,5474,,Over the counter (OTC) Credit default swap,Over the counter (OTC) Credit default swap Collateral received instrument assignment,,,*,1,Y,N,None,Y,546144B0-BA9C-C1D6-3034-25766A1FFE46,1120,CCEA8329-7410-42D1-3EB7-F85A1E904071,1121,5
Over the counter (OTC) Credit default swap received as collateral instrument is assigned to a CDS via Over the counter (OTC) Credit default swap Collateral received instrument assignment,DA75945B-3FE1-4CE1-31BE-32494C407F7E,614,8EF7A110-769B-48E9-6303-AADB30E29F90,5475,,Over the counter (OTC) Credit default swap received as collateral instrument,Over the counter (OTC) Credit default swap Collateral received instrument assignment,,,*,1,Y,N,None,Y,16E4F9C2-3F14-D9AE-DE46-5DAE4AEFC380,1122,CCEA8329-7410-42D1-3EB7-F85A1E904071,1121,6
Over the counter (OTC) Derivative as a hedge hedges Instrument hedged by Over the counter (OTC) Derivative,DA75945B-3FE1-4CE1-31BE-32494C407F7E,614,DF3B7F67-DD6E-FEB7-5F06-35C098897302,5476,,Over the counter (OTC) Derivative as a hedge,Instrument hedged by Over the counter (OTC) Derivative,,,*,1,Y,N,None,Y,EE7AABF7-53FD-1A4B-D940-7E228C87F604,1124,EB096E17-76EB-145F-9304-28FF226AD063,902,5
Over the counter (OTC) Derivative as a hedge hedges Security position hedged by Over the counter (OTC) derivative,DA75945B-3FE1-4CE1-31BE-32494C407F7E,614,C4E13389-745E-83AC-904E-42B3FF543CB6,5477,,Over the counter (OTC) Derivative as a hedge,Security position hedged by Over the counter (OTC) derivative,,,*,1,Y,N,None,Y,EE7AABF7-53FD-1A4B-D940-7E228C87F604,1124,8D276167-45CA-B564-B28C-7849EB0D5ADC,1280,5
Over the counter (OTC) Derivative instrument comprises Tranche in a synthetic securitisation without securitisation special purpose entity (SSPE) being a financial guarantee via Over the counter (OTC) Derivative instrument Synthetic securitisation assignment,DA75945B-3FE1-4CE1-31BE-32494C407F7E,614,4EC43994-59BB-0C1B-D7FB-0602AB5657A8,5478,,Over the counter (OTC) Derivative instrument,Over the counter (OTC) Derivative instrument Synthetic securitisation assignment,,,*,1,Y,N,None,Y,9665198A-8A15-BE5A-E137-9B7F66788D28,1128,A2E89941-923C-5ECC-0300-D9EA03F91C87,1131,5
Over the counter (OTC) Derivative instrument has Buyer via Over the counter (OTC) Derivative Buyer assignment,DA75945B-3FE1-4CE1-31BE-32494C407F7E,614,878D647B-8F41-DE3D-1B02-4201FEEA802E,5479,,Over the counter (OTC) Derivative instrument,Over the counter (OTC) Derivative Buyer assignment,,,1,1,Y,N,Over the counter (OTC) Derivative instrument,Y,9665198A-8A15-BE5A-E137-9B7F66788D28,1128,583A4DA9-99D9-9833-36BF-F8B8BE874981,1127,5
Over the counter (OTC) Derivative instrument has Over the counter (OTC) Derivative as a hedge,DA75945B-3FE1-4CE1-31BE-32494C407F7E,614,53FC488B-8E58-D189-08B0-EEE9C2BB9F71,5480,,Over the counter (OTC) Derivative instrument,Over the counter (OTC) Derivative as a hedge,,,*,1,Y,N,None,Y,9665198A-8A15-BE5A-E137-9B7F66788D28,1128,EE7AABF7-53FD-1A4B-D940-7E228C87F604,1124,5
Over the counter (OTC) Derivative instrument has Over the counter (OTC) Derivative instrument derived data,DA75945B-3FE1-4CE1-31BE-32494C407F7E,614,E346C38E-355D-7D87-2FA5-811B5A1AAA3E,5481,,Over the counter (OTC) Derivative instrument,Over the counter (OTC) Derivative instrument derived data,,,1,1,Y,N,Over the counter (OTC) Derivative instrument,Y,9665198A-8A15-BE5A-E137-9B7F66788D28,1128,D52BDE35-739E-E9E5-F498-A36863523A47,1130,5
Over the counter (OTC) Derivative instrument has Seller via Over the counter (OTC) Derivative Seller assignment,DA75945B-3FE1-4CE1-31BE-32494C407F7E,614,28ABF5E8-5363-CD9E-5ABE-CAD7C98AD0A9,5482,,Over the counter (OTC) Derivative instrument,Over the counter (OTC) Derivative Seller assignment,,,1,1,Y,N,Over the counter (OTC) Derivative instrument,Y,9665198A-8A15-BE5A-E137-9B7F66788D28,1128,4A9F068E-F902-F6BE-AA04-016FC19D16AC,1132,5
Over the counter (OTC) Derivative instrument is part of Asset pool Over the counter (OTC) Derivative instrument assignment,DA75945B-3FE1-4CE1-31BE-32494C407F7E,614,57B7BBC6-8A3B-3FDA-D026-AA996E97DC76,5483,,Over the counter (OTC) Derivative instrument,Asset pool Over the counter (OTC) Derivative instrument assignment,,,*,1,Y,N,None,Y,9665198A-8A15-BE5A-E137-9B7F66788D28,1128,BC33E184-994C-E565-57F3-4A7572B38D53,655,5
Over the counter (OTC) Derivative instrument is protected by Protection item via Over the counter (OTC) Derivative instrument Collateral given assignment,DA75945B-3FE1-4CE1-31BE-32494C407F7E,614,070864D7-69F9-AC82-ADA3-BDB088DEF8BB,5484,,Over the counter (OTC) Derivative instrument,Over the counter (OTC) Derivative instrument Collateral given assignment,,,*,1,Y,N,None,Y,9665198A-8A15-BE5A-E137-9B7F66788D28,1128,17FE648E-4D9F-FB11-6BA6-E04B683D1BD7,1129,5
Over the counter (OTC) Derivative instrument specifies Fundamental review of the trading book standard approach risk measure for OTC positions,DA75945B-3FE1-4CE1-31BE-32494C407F7E,614,850EF420-23A9-19F5-F6C0-43EBC06B8A50,5485,,Over the counter (OTC) Derivative instrument,Fundamental review of the trading book standard approach risk measure for OTC positions,,,*,1,Y,N,None,Y,9665198A-8A15-BE5A-E137-9B7F66788D28,1128,53C569B3-159D-54EB-E597-D42F8718538C,867,5
Partner enterprise assignment has Partner enterprise,DA75945B-3FE1-4CE1-31BE-32494C407F7E,614,6D3C9670-6373-2091-1A34-D925267C49FC,5486,,Partner enterprise,Partner enterprise assignment,,,*,1,Y,N,None,Y,A4A8E2EF-3BC7-A093-1A60-939500CB66EC,1138,8612644A-423D-E808-F058-A7534601A9DC,1139,6
Party acts in Party role,DA75945B-3FE1-4CE1-31BE-32494C407F7E,614,709A2FC3-67F6-DF41-54A3-A3C7B3AFC030,5487,,Party,Party role,,,*,1,Y,N,None,Y,68582837-AD3C-8E9C-DB5E-68322CD1DE08,1140,874B5668-704D-E089-1B04-719A14DFD772,1146,5
Party code identifier identifies Other party code(s),DA75945B-3FE1-4CE1-31BE-32494C407F7E,614,3F6C05B3-3A76-82FB-038B-5473D49B95DF,5488,,Party code identifier,Party code,,,*,1,Y,N,None,Y,A816876C-EAA0-EA7B-6A29-3AD30881EC12,1142,642848DB-04A6-3CA0-D593-B955695B285F,1141,1
Party has Other Party code,DA75945B-3FE1-4CE1-31BE-32494C407F7E,614,10B5FD6C-8683-6246-144C-FF5D3B6A2357,5489,,Party,Party code,,,*,1,Y,N,None,Y,68582837-AD3C-8E9C-DB5E-68322CD1DE08,1140,642848DB-04A6-3CA0-D593-B955695B285F,1141,5
Party has Party previous period data,DA75945B-3FE1-4CE1-31BE-32494C407F7E,614,878F27C3-1FF6-0F79-A43D-04046BEC14B6,5490,,Party,Party previous period data,,,*,1,Y,N,None,Y,68582837-AD3C-8E9C-DB5E-68322CD1DE08,1140,9BC3536B-8321-4DC1-DBFD-E8B4652D40E2,1144,5
Party has Party risk data,DA75945B-3FE1-4CE1-31BE-32494C407F7E,614,EC1FD384-BE2C-9A3C-9541-7AAE9F5B3ADC,5491,,Party,Party risk data,,,1,1,Y,N,Party,Y,68582837-AD3C-8E9C-DB5E-68322CD1DE08,1140,66149CD5-EEE9-54D5-6A86-244769D4C7F3,1145,5
Party identifier type classifies Other party identifier,DA75945B-3FE1-4CE1-31BE-32494C407F7E,614,A3B1DE3F-1DA7-71C5-72A8-AEF709510539,5492,,Party identifier type,Other party identifier,,,*,1,Y,N,None,Y,1544EC46-6132-6F20-FE9D-54E9549692B8,1143,8AD96025-FA8C-6214-F256-9D3EF1E912F7,1115,1
Past due debt security has past due debt security derived data,DA75945B-3FE1-4CE1-31BE-32494C407F7E,614,9BBBF88E-A0E8-0C97-E6A8-13C9F7C3DA91,5493,,Past due debt security,Past due debt security derived data,,,*,1,Y,N,None,Y,D3F69ED6-E996-4AF5-1B47-1A86070D1B3B,1147,36A62AF3-D353-AE65-7F5D-0B209D20E7F7,1148,5
Payment agent is payment agent for Syndication or sub-participation member instrument via Syndication or sub-participation member instrument Payment agent assignment,DA75945B-3FE1-4CE1-31BE-32494C407F7E,614,AB6FF30C-7D4B-DB89-C671-4FC1DD222DE9,5494,,Payment agent,Syndication or sub-participation member instrument Payment agent assignment,,,*,1,Y,N,None,Y,A531F566-F8FC-8FC3-C102-357A0BE81FB6,1150,8016AB99-196E-D820-539D-B82547602772,1326,6
Payment frequency is assigned to Financial asset instrument,DA75945B-3FE1-4CE1-31BE-32494C407F7E,614,4351C24B-F14B-9361-27A9-ECA3FBCD4A56,5495,,Payment frequency,Financial asset instrument,,,*,1,Y,N,None,N,7400B259-0970-1F8C-6385-BA49D48E586F,1151,AC25CE06-349E-2EC8-DA05-FFD6B8759432,840,1
Performing forborne exposure under probation reclassified from non-performing type classifies Performing financial asset instrument debtor assessed,DA75945B-3FE1-4CE1-31BE-32494C407F7E,614,E10868C1-7278-0122-7339-277F6E6FFB92,5496,,Performing forborne exposure under probation reclassified from non-performing type,Performing financial asset instrument debtor assessed,,,*,1,Y,N,None,N,25331F76-F34C-2729-9E43-88F9451CF2C4,1156,F7E0EB49-75AE-FDB7-0525-C02BBA848023,1155,1
Performing forborne exposure under probation reclassified from non-performing type classifies Performing non-default financial asset instrument individually assessed,DA75945B-3FE1-4CE1-31BE-32494C407F7E,614,9BEAA7B5-1E92-2042-CA42-53E1B708C5A5,5497,,Performing forborne exposure under probation reclassified from non-performing type,Performing non-default financial asset instrument individually assessed,,,*,1,Y,N,None,N,25331F76-F34C-2729-9E43-88F9451CF2C4,1156,C3735F02-2643-F5C7-0C1D-5C892A729D19,1157,1
Performing forborne exposure under probation reclassified from non-performing type classifies Performing non-retail exposure class financial asset instrument,DA75945B-3FE1-4CE1-31BE-32494C407F7E,614,620FF32D-1195-F22F-E461-98076190237C,5498,,Performing forborne exposure under probation reclassified from non-performing type,Performing non-retail exposure class financial asset instrument,,,*,1,Y,N,None,N,25331F76-F34C-2729-9E43-88F9451CF2C4,1156,6F5056AF-C375-5EB3-4040-02541A2B90BD,1158,1
Performing forborne exposure under probation reclassified from non-performing type is applied to Performing debt security,DA75945B-3FE1-4CE1-31BE-32494C407F7E,614,6D72709D-C8D2-D014-729C-0C70D14EB4B1,5499,,Performing forborne exposure under probation reclassified from non-performing type,Performing debt security,,,*,1,Y,N,None,N,25331F76-F34C-2729-9E43-88F9451CF2C4,1156,69014365-8F07-330F-CAFE-DC982525210D,1154,1
Performing status classifies Credit facility risk data,DA75945B-3FE1-4CE1-31BE-32494C407F7E,614,3BF8D7E6-680C-DA89-9148-B637C19180F8,5500,,Performing status,Credit facility risk data,,,*,1,Y,N,None,N,5BAA517D-3920-21AC-F0A1-78D66DC17FCC,1159,536D9BE8-895C-32C3-C6AD-50ABD7478588,732,1
Performing status classifies Financial asset instrument derived data,DA75945B-3FE1-4CE1-31BE-32494C407F7E,614,914512A6-35E2-E047-95D4-8F6222263832,5501,,Performing status,Financial asset instrument derived data,,,*,1,Y,Y,None,N,5BAA517D-3920-21AC-F0A1-78D66DC17FCC,1159,6CBCC0E7-4D57-A936-5273-6A99009949C4,842,1
Performing status classifies Off-balance sheet item given instrument,DA75945B-3FE1-4CE1-31BE-32494C407F7E,614,204A9338-B62A-36D6-6AA2-89BD871303F5,5502,,Performing status,Off-balance sheet item given instrument,,,*,1,Y,N,None,N,5BAA517D-3920-21AC-F0A1-78D66DC17FCC,1159,F7CE6C6C-5F4E-2BA8-B205-B1E9F0BB3D0E,1074,1
Performing status classifies Party risk data,DA75945B-3FE1-4CE1-31BE-32494C407F7E,614,1013CCB9-1E16-F0A6-4809-536082218982,5503,,Performing status,Party risk data,,,*,1,Y,N,None,N,5BAA517D-3920-21AC-F0A1-78D66DC17FCC,1159,66149CD5-EEE9-54D5-6A86-244769D4C7F3,1145,1
Performing status reason classifies Credit facility risk data,DA75945B-3FE1-4CE1-31BE-32494C407F7E,614,20BD7F1E-CD59-C8AC-4921-A6517386FECE,5504,,Performing status reason,Credit facility risk data,,,*,1,Y,N,None,N,917DF606-CA1F-B9C2-DD33-B6AAD5BA0C25,1160,536D9BE8-895C-32C3-C6AD-50ABD7478588,732,1
Performing status reason classifies Financial asset instrument derived data,DA75945B-3FE1-4CE1-31BE-32494C407F7E,614,F9BCB81E-A537-757B-CF85-C7D1C8DA09C7,5505,,Performing status reason,Financial asset instrument derived data,,,*,1,Y,Y,None,N,917DF606-CA1F-B9C2-DD33-B6AAD5BA0C25,1160,6CBCC0E7-4D57-A936-5273-6A99009949C4,842,1
Performing status reason classifies Non-performing debt security,DA75945B-3FE1-4CE1-31BE-32494C407F7E,614,6A4EAEC4-C387-E7BB-6EF2-71E04595DB6D,5506,,Performing status reason,Non-performing debt security,,,*,1,Y,N,None,N,917DF606-CA1F-B9C2-DD33-B6AAD5BA0C25,1160,A4855C66-FDB4-306A-0F2B-44BAB9ADC2A5,1045,1
Performing status reason classifies Off-balance sheet item given instrument,DA75945B-3FE1-4CE1-31BE-32494C407F7E,614,DB7A6EAE-2EF1-B745-68AC-1F947B68D65C,5507,,Performing status reason,Off-balance sheet item given instrument,,,*,1,Y,N,None,N,917DF606-CA1F-B9C2-DD33-B6AAD5BA0C25,1160,F7CE6C6C-5F4E-2BA8-B205-B1E9F0BB3D0E,1074,1
Performing status reason classifies Party risk data,DA75945B-3FE1-4CE1-31BE-32494C407F7E,614,6BCDC9F4-8820-092F-BF43-486585AD82B2,5508,,Performing status reason,Party risk data,,,*,1,Y,N,None,N,917DF606-CA1F-B9C2-DD33-B6AAD5BA0C25,1160,66149CD5-EEE9-54D5-6A86-244769D4C7F3,1145,1
Performing status reason classifies Performing debt security,DA75945B-3FE1-4CE1-31BE-32494C407F7E,614,06DB90C5-0A86-855E-2422-17A0F231373A,5509,,Performing status reason,Performing debt security,,,*,1,Y,N,None,N,917DF606-CA1F-B9C2-DD33-B6AAD5BA0C25,1160,69014365-8F07-330F-CAFE-DC982525210D,1154,1
Planning permission for development indicator classifies Commercial immovable property related to land (excluding agricultural land) ,DA75945B-3FE1-4CE1-31BE-32494C407F7E,614,F2CC0D61-2BA0-D8CB-4401-7471FF5430FA,5510,,Planning permission for development indicator,Commercial immovable property related to land (excluding agricultural land),,,*,1,Y,N,None,N,73709397-39FA-BB13-E5A3-7B705188C637,1163,662D063E-F7B9-0CCA-2264-0284224BC439,707,1
Planning permission for development indicator classifies Land excluding agriculture collateral,DA75945B-3FE1-4CE1-31BE-32494C407F7E,614,EC9BF553-4CE9-0567-655F-64E916E73D86,5511,,Planning permission for development indicator,Land excluding agriculture collateral,,,*,1,Y,N,None,N,73709397-39FA-BB13-E5A3-7B705188C637,1163,D0D22BD8-2C34-CD72-C62E-B8CC562CE121,936,1
Primary asset classification classifies Security,DA75945B-3FE1-4CE1-31BE-32494C407F7E,614,012659C6-C49F-E1A3-872F-F5ED068AA79D,5512,,Primary asset classification,Security,,,*,1,Y,N,None,N,75E9E635-D6AD-C145-F372-E0E9AC9AABD9,1165,6B9C4C46-5617-E783-1C65-FB2BF74222E9,1253,1
Primary issuer indicator classifies Security issuer assignment,DA75945B-3FE1-4CE1-31BE-32494C407F7E,614,109C4867-9E1E-A798-ABA1-E4CD1D001242,5513,,Primary issuer indicator,Security Issuer assignment,,,*,1,Y,N,None,N,CE24DDD6-3DFD-8C9B-1263-DACF4D8858CF,1166,1C4CA59D-CEFA-7753-9A33-AF14FE5B6E7B,1273,1
Primary protection provider indicator classifies Protection Protection provider assignment,DA75945B-3FE1-4CE1-31BE-32494C407F7E,614,734AA7EC-4FC8-EC18-B03E-34E747D6F7B1,5514,,Primary protection provider indicator,Protection Protection provider assignment,,,*,1,Y,N,None,N,19A1613D-7231-A226-8E8E-58D2B489599C,1167,29FD9D07-FC8B-AC33-8FD7-0B16E2D82DF4,1178,1
"Property, plant and equipment may be obtained as Property, plant taken into possession",DA75945B-3FE1-4CE1-31BE-32494C407F7E,614,FC24D2D5-1B0C-752D-37E8-0269FF31D0C7,5515,,"Property, plant and equipment","Property, plant and equipment taken into possession",,,*,1,Y,N,None,Y,D686F9F6-0CDE-CEE3-9F51-1A55CA17B97A,1169,E7490392-68CE-C273-907E-197ECF170C81,1170,8
Protection arrangement comprises Protection item(s) via Credit risk mitigation assignment,DA75945B-3FE1-4CE1-31BE-32494C407F7E,614,A4967B88-3EF3-282F-4BED-1279453EB155,5516,,Protection arrangement,Credit risk mitigation assignment,,,*,1,Y,N,None,Y,D90C681A-3D3F-0145-98F5-FCD872705D92,1171,FBAF417B-1A11-B3D5-9C5F-16BCF562A7E2,744,5
Protection arrangement given has Instrument as protection given via Protection arrangement given Instrument assignment,DA75945B-3FE1-4CE1-31BE-32494C407F7E,614,ED2CB0AE-B023-34D5-C19A-A197C171BC2F,5517,,Protection arrangement given,Protection arrangement given Instrument assignment,,,*,1,Y,N,None,Y,235786F1-CAE1-92B8-48D9-9E06E43ECB20,1172,4D6CEB5E-44BD-AF8E-4544-6AB08EFFB8D8,1174,6
Protection arrangement given provides protection via Debt security issued (by the reporting agent) Protection arrangement given assignment,DA75945B-3FE1-4CE1-31BE-32494C407F7E,614,F0934B10-7DAD-7B19-9C12-60E31DF3BF55,5518,,Protection arrangement given,Debt security issued (by the reporting agent) Protection arrangement given assignment,,,*,1,Y,N,None,Y,235786F1-CAE1-92B8-48D9-9E06E43ECB20,1172,4168935E-4D89-CE53-1EB0-18582CF17B3C,761,6
Protection arrangement given takes for of Exchange tradable derivative via Protection arrangement given Exchange tradable derivative position assignment,DA75945B-3FE1-4CE1-31BE-32494C407F7E,614,2E26914D-2462-E818-9443-96F5A744AFB5,5519,,Protection arrangement given,Protection arrangement given Exchange tradable derivative position assignment,,,*,1,Y,N,None,Y,235786F1-CAE1-92B8-48D9-9E06E43ECB20,1172,CF1B30B0-91DC-D42E-461A-003AF35F1298,1173,6
Protection arrangement has Protection arrangement role,DA75945B-3FE1-4CE1-31BE-32494C407F7E,614,5398C399-CD20-536A-9BE1-A4E7FE797785,5520,,Protection arrangement,Protection arrangement role,,,*,1,Y,N,None,Y,D90C681A-3D3F-0145-98F5-FCD872705D92,1171,F73551B8-BCE2-46F3-3320-7825F6F8DF81,1177,5
Protection arrangement has Protection provider(s) via Protection Protection provider assignment,DA75945B-3FE1-4CE1-31BE-32494C407F7E,614,62EB889B-C8A6-37C4-3854-9367FFFCB59C,5521,,Protection arrangement,Protection Protection provider assignment,,,*,1,Y,N,None,Y,D90C681A-3D3F-0145-98F5-FCD872705D92,1171,29FD9D07-FC8B-AC33-8FD7-0B16E2D82DF4,1178,5
 Protection arrangement received has Protection arrangement received derived data,DA75945B-3FE1-4CE1-31BE-32494C407F7E,614,D50A64F3-41F9-ED26-3612-35041C2226E1,5522,,Protection arrangement received,Protection arrangement received derived data,,,1,1,Y,N,None,Y,0DE55755-69A8-375B-E4D0-2058D91A0F9D,1175,B7F15999-7D0E-B1BE-AF82-B0345C6584FC,1176,6
Protection arrangement received protects Instrument via Instrument Protection arrangement received assignment,DA75945B-3FE1-4CE1-31BE-32494C407F7E,614,64461156-06AA-66A6-3A48-1314EF2A6F7B,5523,,Protection arrangement received,Instrument Protection arrangement received assignment,,,*,1,Y,N,None,Y,0DE55755-69A8-375B-E4D0-2058D91A0F9D,1175,440398C3-B369-BCF2-7C8B-0A6ED64AF366,904,6
Protection arrangement received secures Exchange tradable derivative position via Exchange tradable derivative position Protection arrangement received assignment,DA75945B-3FE1-4CE1-31BE-32494C407F7E,614,4FFA0AEC-46DF-E557-430D-2EFE69901DD6,5524,,Protection arrangement received,Exchange tradable derivative position Protection arrangement received assignment,,,*,1,Y,N,None,Y,0DE55755-69A8-375B-E4D0-2058D91A0F9D,1175,6FA22E39-DFFC-6D2F-B4F5-ABC2E490B735,822,6
Protection provider provides Financial guarantee instrument(s) via Financial guarantee instrument Protection provider assignment,DA75945B-3FE1-4CE1-31BE-32494C407F7E,614,D5645899-5C49-4B8B-C992-E6CE9D9CF6EA,5525,,Protection provider,Financial guarantee instrument Protection provider assignment,,,*,1,Y,N,None,Y,EA7BBAC7-2F18-E4A4-7002-A40797F12496,1179,72797421-B3D6-65C0-E1DC-086E24B096E0,852,6
Protection provider provides protection for Protection arrangement(s) via Protection Protection provider assignment,DA75945B-3FE1-4CE1-31BE-32494C407F7E,614,B67FDB7B-DD0C-01E4-0877-0485F5A99FF3,5526,,Protection provider,Protection Protection provider assignment,,,*,1,Y,N,None,Y,EA7BBAC7-2F18-E4A4-7002-A40797F12496,1179,29FD9D07-FC8B-AC33-8FD7-0B16E2D82DF4,1178,6
Protection valuation approach classifies Collateral received instrument,DA75945B-3FE1-4CE1-31BE-32494C407F7E,614,F9922C92-F804-E8D3-3762-9EDAF2F48704,5527,,Protection valuation approach,Collateral received instrument,,,*,1,Y,N,None,N,FEAECD04-84D6-BE28-0AFB-55F1488722F9,1180,E50F91BD-9CAA-1F59-DEF3-6907A545578F,703,1
Protection valuation approach classifies Immaterial rights as collateral,DA75945B-3FE1-4CE1-31BE-32494C407F7E,614,FBE4F72B-DF56-1293-6397-6963299A4AB8,5528,,Protection valuation approach,Immaterial rights as collateral,,,*,1,Y,N,None,N,FEAECD04-84D6-BE28-0AFB-55F1488722F9,1180,6EECA4B7-DEBD-853D-56C9-AC4C7DEE524F,886,1
Protection value type measures collateral received derived data,DA75945B-3FE1-4CE1-31BE-32494C407F7E,614,5D2F8BAE-31B0-4049-27D9-D4B27F1B9972,5529,,Protection value type,Collateral received derived data,,,*,1,Y,N,None,N,367F8051-DD55-1935-D23A-9CBF9FC3F792,1181,0E62E3F0-6FFD-E5E4-C654-80C99823D21D,702,1
Protection value type measures collateral received instrument derived data,DA75945B-3FE1-4CE1-31BE-32494C407F7E,614,9C53A022-1365-BD15-E567-DAA2757A8934,5530,,Protection value type,Collateral received instrument derived data,,,*,1,Y,N,None,N,367F8051-DD55-1935-D23A-9CBF9FC3F792,1181,FD26E12C-5E0A-ED3E-2934-B1B23964F406,704,1
Protection value type measures non-balance security position received in a reverse repo,DA75945B-3FE1-4CE1-31BE-32494C407F7E,614,D0F2BD3A-DD34-A8FC-B1C4-032B20302FE8,5531,,Protection value type,(Reverse) Repurchase transaction Non-balance sheet recognised security position (received) assignment derived data,,,*,1,Y,N,None,N,367F8051-DD55-1935-D23A-9CBF9FC3F792,1181,54CC7DF0-D46F-D28F-77B1-1465A6F08883,618,1
Prudential portfolio classifies Balance sheet recognised exchange tradable derivative asset position,DA75945B-3FE1-4CE1-31BE-32494C407F7E,614,6619D0AF-E0C7-C34D-7B1F-A0CAC4F3E8A9,5532,,Prudential portfolio,Balance sheet recognised exchange tradable derivative asset position,,,*,1,Y,N,None,N,C44433DF-43F0-3978-5381-A52FD9427431,1184,CD8E5291-A87C-578E-7536-20CECA5FA9A0,663,1
Prudential portfolio is applicable portfolio in Long/Short balance sheet recognised security position prudential portfolio assignment,DA75945B-3FE1-4CE1-31BE-32494C407F7E,614,E276975A-D7BD-E502-5130-93D04B69C5A3,5533,,Prudential portfolio,Long balance sheet recognised security position prudential portfolio assignment,,,*,1,Y,N,None,Y,C44433DF-43F0-3978-5381-A52FD9427431,1184,187B5AB5-70C9-929A-88D4-9E5126986A3C,981,1
Prudential portfolio is applicable portfolio in Short balance sheet recognised security position prudential portfolio assignment,DA75945B-3FE1-4CE1-31BE-32494C407F7E,614,481B2346-5FC9-AFB3-523D-D48EF4BE7E19,5534,,Prudential portfolio,Short balance sheet recognised security position prudential portfolio assignment,,,*,1,Y,N,None,Y,C44433DF-43F0-3978-5381-A52FD9427431,1184,325FAF07-0990-0437-FEFA-F03BD0CE8A57,1292,1
Prudential portfolio is assigned to Balance sheet recognised financial asset instrument(s),DA75945B-3FE1-4CE1-31BE-32494C407F7E,614,03669D2B-1EA3-E4F7-EA8F-ED2F43C4C2BC,5535,,Prudential portfolio,Balance sheet recognised financial asset instrument,,,*,1,Y,N,None,N,C44433DF-43F0-3978-5381-A52FD9427431,1184,D98528DD-4340-7068-DCF4-FC4EE2F41DB4,671,1
Pulling effect type classifies Legal person(s),DA75945B-3FE1-4CE1-31BE-32494C407F7E,614,BD8220AB-BC27-1DDA-D6A4-A6FD64C959B4,5536,,Pulling effect type,Legal person,,,*,1,Y,N,None,N,74758E4B-C79F-B33D-9D77-47AD043EF18B,1185,B1F895CA-E612-3482-70D5-3578E2C60A8B,940,1
Purpose type is assigned to Financial asset instrument,DA75945B-3FE1-4CE1-31BE-32494C407F7E,614,F8302FD0-CEA5-EE6A-795C-46B20AD72558,5537,,Purpose type,Financial asset instrument,,,*,1,Y,N,None,N,63A8C5A7-E2A1-2951-5A66-CEDA48A59707,1186,AC25CE06-349E-2EC8-DA05-FFD6B8759432,840,1
Qualifying central counterparty (QCCP) is involved in Master agreement(s) with a qualifying central counterparty via Master agreement Qualifying central counterparty assignment,DA75945B-3FE1-4CE1-31BE-32494C407F7E,614,A67F2CEF-E951-8DB7-2071-FE1AF7BD9620,5538,,Qualifying central counterparty (QCCP),Master agreement Qualifying central counterparty assignment,,,*,1,Y,N,None,Y,E87FFC56-2DA3-AD5E-6A36-6B8964BD831C,1187,F7187213-FE1F-C76D-69E7-A30D3979DEB0,998,6
Rank is assigned to Debt security(ies),DA75945B-3FE1-4CE1-31BE-32494C407F7E,614,E0B9E615-748C-251D-AB4F-3CEB1FC3B309,5539,,Rank,Debt security,,,*,1,Y,N,None,N,C7EBE52A-0CF2-09C5-B252-0AD619F298C5,1188,BE76A78F-7CDB-648D-9F71-76109033434A,753,1
Rating agency has methodology to maintain current external credit rating of Covered bond via Rating agency excess methodology result Covered bond programme assignment,DA75945B-3FE1-4CE1-31BE-32494C407F7E,614,A4F0E925-24E8-EADB-2DDA-24E79E797B52,5540,,Rating agency,Rating agency excess methodology result Covered bond programme assignment,,,*,1,Y,N,None,Y,619A31E0-3703-F2FC-5946-75EE5A48E9D4,1189,FAF52176-CA9F-B678-2517-5A91D63FBC6F,1190,1
Rating agency manages Rating system(s),DA75945B-3FE1-4CE1-31BE-32494C407F7E,614,F4E1D496-F2F8-9756-7B84-DED95D53BF71,5541,,Rating agency,Rating system,,,*,1,N,N,None,Y,619A31E0-3703-F2FC-5946-75EE5A48E9D4,1189,70FB289D-B03F-3183-2133-75789F14C663,1199,1
Rating grade for issue-based rating system is applied to Debt security via Rating grade for issue-based rating system Debt security assignment,DA75945B-3FE1-4CE1-31BE-32494C407F7E,614,EB410667-FB8C-541D-C3B5-B343559D51DA,5542,,Rating grade for issue-based rating system,Rating grade for issue-based rating system Debt security assignment,,,*,1,Y,N,None,Y,94567C38-912F-9D46-C025-C7DED12C991D,1194,9D8182AE-1F22-A772-985D-FF2C85231351,1195,3
Rating grade for issuer based rating system for central government rates Country via Rating grade Country assignment,DA75945B-3FE1-4CE1-31BE-32494C407F7E,614,9A768DE9-3AA1-A560-6E82-7F2BC3C5BA9B,5543,,Rating grade for issuer based rating system for central government,Rating grade Country assignment,,,*,1,Y,N,None,Y,21CE7102-B246-2114-FE32-460B8623528C,1197,E7A44111-ABF5-F2D2-9A53-2B7DA7469520,1193,3
Rating grade for issuer based rating system for non-central government is assigned to Other organisation(s) via Rating grade Central bank and private sector company assignment,DA75945B-3FE1-4CE1-31BE-32494C407F7E,614,C6B2E5A9-072C-9654-8D26-25E257B3E687,5544,,Rating grade for issuer based rating system for non-central government,Rating grade Central bank and private sector company assignment,,,*,1,Y,N,None,Y,83752818-BDE0-516E-DCDD-E87ECF55FB6B,1198,5DE71C99-66A5-4961-0C97-745882528C1C,1192,3
Real estate collateral is measured by Protection valuation approach,DA75945B-3FE1-4CE1-31BE-32494C407F7E,614,2235FCA1-CF68-19A3-6110-116AEBC2B339,5545,,Protection valuation approach,Real estate collateral,,,*,1,Y,N,None,N,FEAECD04-84D6-BE28-0AFB-55F1488722F9,1180,CB0C6E09-D4A8-0DE1-AC7D-6CA6C8578B80,1201,1
Reference date specifies Model Context.,DA75945B-3FE1-4CE1-31BE-32494C407F7E,614,7992EEED-829C-2D38-0C8E-F11CBC40CD46,5546,,Reference date,Model Context,,,*,1,N,N,None,Y,B705FC2D-A598-2D0A-B53D-89DF710070C6,1204,23700D94-7BD4-B730-CE3A-BD73D77FEEAE,1005,1
Reference rate is assigned to Non-fixed interest financial asset instrument,DA75945B-3FE1-4CE1-31BE-32494C407F7E,614,F1F90D7F-3F8C-D4F9-A9B0-1E883E6C14E9,5547,,Reference rate,Non-fixed interest financial asset instrument,,,*,1,Y,N,None,N,AB3C09FA-A074-3451-FAF2-4FAF95421BA9,1205,16D57908-E8B9-8516-87AA-062B454413AB,1038,1
Region contains European Union member postal code,DA75945B-3FE1-4CE1-31BE-32494C407F7E,614,F9ABA5D1-31F6-D057-A823-8195A1120D2D,5548,,Region,European Union member postal code,,,*,1,Y,N,None,Y,E2FC71EA-36BB-8035-60D5-083C755E9211,1206,4E95C06E-6270-82A0-1DBC-C82A9C39D218,809,2
Relation_655,DA75945B-3FE1-4CE1-31BE-32494C407F7E,614,6477214D-60DD-B077-ADD2-E7AE91CC9910,5549,,Counterparty or Issuer  Exposure Risk Data Asignment,Counterparty or Issuer Exposure,,,1,1,N,N,None,N,C4F66B2D-3CD3-23CA-C01F-690104A72265,716,0E0F1B53-4B83-C441-15EC-827F1881634A,714,0
Relation_656,DA75945B-3FE1-4CE1-31BE-32494C407F7E,614,EA061B1E-7B64-D28B-065A-5503993BC793,5550,,Credit or Counterparty Risk Exposure Data,Counterparty or Issuer  Exposure Risk Data Asignment,,,1,1,N,N,None,N,5FAAEC51-0B2D-AD19-FE3E-A250ACD37392,739,C4F66B2D-3CD3-23CA-C01F-690104A72265,716,0
Relation_657,DA75945B-3FE1-4CE1-31BE-32494C407F7E,614,C13868FE-5EDF-FCEC-DE50-352C1F8BF12A,5551,,Counterparty or Issuer Exposure,Counterparty or Issuer  Exposure Entity  Role Assignment,,,1,1,N,N,None,N,0E0F1B53-4B83-C441-15EC-827F1881634A,714,D758ED6F-E3C8-186C-5DE2-A3729DA57A36,715,0
Relation_658,DA75945B-3FE1-4CE1-31BE-32494C407F7E,614,89D2AFF5-DE10-7546-9679-98F2CBC27CBC,5552,,Credit or Counterparty Risk Exposure Data,Credit or Counterparty Risk Exposure Data Security Position Assignment,,,1,1,Y,N,None,N,5FAAEC51-0B2D-AD19-FE3E-A250ACD37392,739,7E6DCB27-1DD5-BC74-656C-015B62C1FB1D,740,0
Relation_659,DA75945B-3FE1-4CE1-31BE-32494C407F7E,614,A032973A-2F1C-27E1-6242-BEFF29C5E5CC,5553,,Credit or Counterparty Risk Exposure Data,Credit or Counterprty Risk Exposure Data  Instrument Role Assignment,,,1,1,Y,N,None,N,5FAAEC51-0B2D-AD19-FE3E-A250ACD37392,739,C5093489-63A0-4B85-7218-DBD24743C854,741,0
Relation_660,DA75945B-3FE1-4CE1-31BE-32494C407F7E,614,954A2E45-CA7E-69B9-982D-9814A1D14C18,5554,,Credit or Counterparty Risk Exposure Data,Credit or Counterprty Risk Exposure Data  Risk Mitigant  Assignment,,,1,1,Y,N,None,N,5FAAEC51-0B2D-AD19-FE3E-A250ACD37392,739,404E0EF5-75F4-023D-F676-24298042DA64,742,0
Relation_661,DA75945B-3FE1-4CE1-31BE-32494C407F7E,614,A6EA9AFF-7DBB-3FCF-E1D8-6B9C2D7239C7,5555,,Counterparty or Issuer  Exposure Entity  Role Assignment,Entity role,,,1,1,Y,N,None,N,D758ED6F-E3C8-186C-5DE2-A3729DA57A36,715,2FC3E280-28F1-343C-9290-A116F833830A,794,0
Relation_667,DA75945B-3FE1-4CE1-31BE-32494C407F7E,614,58CB6B3A-E269-7658-A1C0-49069F30BB61,5556,,Credit or Counterprty Risk Exposure Data  Instrument Role Assignment,Instrument role,,,1,*,Y,N,None,N,C5093489-63A0-4B85-7218-DBD24743C854,741,226B02E3-A364-4829-CFBA-1E41AF016F8E,907,6
Relation_668,DA75945B-3FE1-4CE1-31BE-32494C407F7E,614,956B721F-B1F9-C5CB-9BF5-E8AC2E53B989,5557,,Credit or Counterparty Risk Exposure Data Security Position Assignment,Long balance sheet recognised debt security position prudential portfolio Accounting classification assignment,,,1,*,Y,N,None,N,7E6DCB27-1DD5-BC74-656C-015B62C1FB1D,740,9BF8F3BD-E58F-D34A-E1B5-C5F535966E3C,965,15
Relation_669,DA75945B-3FE1-4CE1-31BE-32494C407F7E,614,21FE8704-225A-3F42-4A9F-4E376798104C,5558,,Credit or Counterprty Risk Exposure Data  Risk Mitigant  Assignment,Long balance sheet recognised debt security position prudential portfolio Accounting classification assignment,,,1,*,Y,N,None,N,404E0EF5-75F4-023D-F676-24298042DA64,742,9BF8F3BD-E58F-D34A-E1B5-C5F535966E3C,965,15
Relation_670,DA75945B-3FE1-4CE1-31BE-32494C407F7E,614,ADCC287D-75AB-0259-81E0-BBBC1B4925DF,5559,,Credit or Counterprty Risk Exposure Data  Risk Mitigant  Assignment,Instrument role,,,1,*,Y,N,None,N,404E0EF5-75F4-023D-F676-24298042DA64,742,226B02E3-A364-4829-CFBA-1E41AF016F8E,907,6
Renegotiated debt security instrument with forbearance measure has Renegotiated debt security with forbearance measure derived data,DA75945B-3FE1-4CE1-31BE-32494C407F7E,614,5E100AB5-53DE-400A-6088-933F6F8A2041,5560,,Renegotiated debt security with forbearance measure,Renegotiated debt security with forbearance measure derived data,,,1,1,Y,N,None,Y,D75D6D18-936A-0C07-C659-115112F6CEE2,1214,8D978A89-965B-092A-C35E-C87EFE9312FE,1215,5
Renegotiated financial asset instrument with forbearance measure has Renegotiated financial asset instrument with forbearance measure derived data,DA75945B-3FE1-4CE1-31BE-32494C407F7E,614,1B86742D-6BA5-97B6-D891-3224F9FF53E1,5561,,Renegotiated financial asset instrument with forbearance measure,Renegotiated financial asset instrument with forbearance measure derived data,,,1,1,Y,N,Renegotiated financial asset instrument with forbearance measure,Y,8C62256E-C754-34FA-25DD-E5EA41B6F74E,1218,048D458D-00B0-1F3C-D9A5-87EAE9C831CA,1219,6
Repayment rights classifies Other loan,DA75945B-3FE1-4CE1-31BE-32494C407F7E,614,7D333A3E-07D3-3FC8-B946-394C52DE8508,5562,,Repayment rights,Other loan,,,*,1,Y,N,None,N,9E485154-5F2D-5099-5279-A0872943EE1E,1221,95FE2BF1-A996-11A5-9B86-89B3225AD688,1105,1
Reporting agent specifies Model Context.,DA75945B-3FE1-4CE1-31BE-32494C407F7E,614,C15510C9-3230-1561-A86D-BAF9E69E57C2,5563,,Reporting agent,Model Context,,,*,1,N,N,None,Y,D5A7418C-EE00-3AD2-49B1-5E9248575605,1222,23700D94-7BD4-B730-CE3A-BD73D77FEEAE,1005,1
Repurchase agreement transaction has buyer via Repurchase transaction buyer assignment,DA75945B-3FE1-4CE1-31BE-32494C407F7E,614,AD5031F5-7158-3D3E-ED47-DE78F7A265BA,5564,,Repurchase transaction,Repurchase transaction Buyer assignment,,,*,1,Y,N,None,Y,B03540AC-36AC-63EE-EEC5-CB1B2B0E4C5D,1225,F676F550-E548-6EFD-7817-A6E7BCCE81EE,1226,5
Repurchase agreement transaction has seller via Repurchase transaction Seller assignment,DA75945B-3FE1-4CE1-31BE-32494C407F7E,614,D62D3EAD-3E81-A372-1081-F730987C585F,5565,,Repurchase transaction,Repurchase transaction Seller assignment,,,*,1,Y,N,None,Y,B03540AC-36AC-63EE-EEC5-CB1B2B0E4C5D,1225,5EEEBD20-5875-DBE3-D4DC-DFC1F8BD9B99,1231,5
Repurchase transaction Long balance sheet recognised security position (given) assignment,DA75945B-3FE1-4CE1-31BE-32494C407F7E,614,B1D02CD6-5A8F-8223-7619-79C3DE171A6B,5566,,Treatment of securitised / transfered assets in balance sheet,Repurchase transaction Long balance sheet recognised security position (given) assignment,,,1,1,Y,N,None,N,5EEE5F19-6BD1-DC0E-D355-7D881A38792F,1349,FAB14342-6B13-A3BD-82D7-05E3362062E8,1228,1
Repurchase transaction uses gold via Repurchase transaction gold assignment,DA75945B-3FE1-4CE1-31BE-32494C407F7E,614,143331AD-8FDF-B198-F615-C1209D158874,5567,,Repurchase transaction,Repurchase transaction gold (given) assignment,,,1,1,Y,N,None,Y,B03540AC-36AC-63EE-EEC5-CB1B2B0E4C5D,1225,25FB7BA4-2841-84A7-990A-6213F5F91937,1227,5
Repurchase transaction uses  Long balance sheet recognised security position via Repurchase transaction Long balance sheet recognised security position assignment,DA75945B-3FE1-4CE1-31BE-32494C407F7E,614,C6CE3447-DA6D-8CFB-12AA-C41203259377,5568,,Repurchase transaction,Repurchase transaction Long balance sheet recognised security position (given) assignment,,,*,1,Y,N,None,Y,B03540AC-36AC-63EE-EEC5-CB1B2B0E4C5D,1225,FAB14342-6B13-A3BD-82D7-05E3362062E8,1228,5
Repurchase transaction uses Non-balance sheet recognised security position via  Repurchase transaction Non-balance sheet recognised security position assignmentv1,DA75945B-3FE1-4CE1-31BE-32494C407F7E,614,33878AF2-0844-E67A-1947-BB8CBD4DAE02,5569,,Repurchase transaction,Repurchase transaction Non-balance sheet recognised security position (given) assignment,,,*,1,Y,N,None,Y,B03540AC-36AC-63EE-EEC5-CB1B2B0E4C5D,1225,E0958300-7F1A-F70D-8BC0-B4DCA7A6E3DF,1229,5
Re-securitisation type classifies Securitisation(s),DA75945B-3FE1-4CE1-31BE-32494C407F7E,614,35896100-4762-BBE0-DD38-4BAFD3E245D8,5570,,Re-securitisation type,Securitisation,,,*,1,Y,N,None,N,DEC2FBE7-42AE-2E24-4A94-A395BC7A269D,1232,EC05B5FC-3397-964C-AAF0-C65C085847AA,1247,1
Residual maturity of the contract band classifies Collateral received instrument derived data,DA75945B-3FE1-4CE1-31BE-32494C407F7E,614,0C17164F-8617-0935-900B-82EC7F85A14B,5571,,Residual maturity of the contract band,Collateral received instrument derived data,,,*,1,Y,N,None,N,FD1A85C0-3C53-5ED6-50AF-ACA42F8359A0,1235,FD26E12C-5E0A-ED3E-2934-B1B23964F406,704,1
Residual maturity of the contract band classifies Protection arrangement derived data,DA75945B-3FE1-4CE1-31BE-32494C407F7E,614,3F9C80BA-A348-5AE1-1FBA-06AD05485161,5572,,Residual maturity of the contract band,Protection arrangement received derived data,,,*,1,Y,N,None,N,FD1A85C0-3C53-5ED6-50AF-ACA42F8359A0,1235,B7F15999-7D0E-B1BE-AF82-B0345C6584FC,1176,1
"Retail exposure according to CRR, Article 123 (b) type classifies Credit facility risk data",DA75945B-3FE1-4CE1-31BE-32494C407F7E,614,59548D5A-61E2-579F-1D88-F272AA02A16C,5573,,"Retail exposure according to CRR, Article 123 (b) type",Credit facility risk data,,,*,1,Y,N,None,N,6D457A2C-95EA-2B70-47D6-8DFDA6A47063,1237,536D9BE8-895C-32C3-C6AD-50ABD7478588,732,1
Revocable type classifies Credit facility(s),DA75945B-3FE1-4CE1-31BE-32494C407F7E,614,F758BDCF-EDF5-38A6-24DB-10E7BECA865A,5574,,Revocable type,Credit facility,,,*,1,Y,N,None,N,C03239FD-2EC8-C428-8FAA-AAA8A28C42F9,1239,FB69AB11-CA2F-CB73-8B7F-7D06ABB9DDE3,725,1
Revocable type classifies Other commitment,DA75945B-3FE1-4CE1-31BE-32494C407F7E,614,BF26198C-2A75-FB38-F105-19B0AFCAD860,5575,,Revocable type,Other commitment,,,*,1,Y,N,None,N,C03239FD-2EC8-C428-8FAA-AAA8A28C42F9,1239,700D7AEA-9B3A-9580-C857-84608872F5AE,1093,1
Revolving loan type classifies Other loan(s),DA75945B-3FE1-4CE1-31BE-32494C407F7E,614,51B1ABCB-DACB-D899-ADCB-5CE0F7ABECFF,5576,,Revolving loan type,Other loan,,,*,1,Y,N,None,N,2FC8CBA5-16E1-7E18-A124-183BFE22DD07,1240,95FE2BF1-A996-11A5-9B86-89B3225AD688,1105,1
Revolving loan type classifies Trade receivable(s),DA75945B-3FE1-4CE1-31BE-32494C407F7E,614,54F94BE2-53BD-CFF5-5F25-A6BC601BC1B6,5577,,Revolving loan type,Trade receivable,,,*,1,Y,N,None,N,2FC8CBA5-16E1-7E18-A124-183BFE22DD07,1240,5183D638-6F8E-E4ED-2C17-CAD059CF1853,1335,1
Risk type classifies Exchange tradable derivative position,DA75945B-3FE1-4CE1-31BE-32494C407F7E,614,2A08A372-C844-6950-847F-584ABB11FC54,5578,,Risk type,Exchange tradable derivative position,,,*,1,Y,N,None,N,F50869AB-836B-6678-6121-163B93F3FC0F,1243,DB0CC98E-4E09-ADBF-024E-4EF7E3FA6604,817,1
Risk type classifies Over the counter (OTC) Derivative instrument,DA75945B-3FE1-4CE1-31BE-32494C407F7E,614,D72D602F-4B47-6255-5E5D-492C15EEF88B,5579,,Risk type,Over the counter (OTC) Derivative instrument,,,*,1,Y,N,None,N,F50869AB-836B-6678-6121-163B93F3FC0F,1243,9665198A-8A15-BE5A-E137-9B7F66788D28,1128,1
Rolling stock collateral is measured by Protection valuation approach,DA75945B-3FE1-4CE1-31BE-32494C407F7E,614,8BB72AC5-730A-D26A-2CD4-89004DB8BF7B,5580,,Protection valuation approach,Rolling stock collateral,,,*,1,Y,N,None,N,FEAECD04-84D6-BE28-0AFB-55F1488722F9,1180,607DACD2-134A-8CBD-556A-0CA8DE30C0F5,1244,1
Securities financing transaction (SFT) has Securities financing transaction (SFT) derived data,DA75945B-3FE1-4CE1-31BE-32494C407F7E,614,6F190CFB-0714-7CDF-FFE4-6E10495EA48C,5581,,Securities financing transaction (SFT),Securities financing transaction (SFT) derived data,,,1,1,Y,N,None,Y,61A1258D-6C46-1DAB-6C7B-517F5BF9F5B4,1245,73B40C3C-BF9B-0BB3-5A7E-1592685C28A2,1246,5
Security against a fee borrowing and lending transaction has Security borrowing and lending transaction cash as collateral component,DA75945B-3FE1-4CE1-31BE-32494C407F7E,614,F38B88B1-5D47-F455-AC9C-8607AD7637B2,5582,,Security against a fee borrowing and lending transaction,Security borrowing and lending transaction cash as collateral component,,,1,1,Y,N,Security against a fee borrowing and lending transaction,Y,F29FF4F0-DF6B-318E-001A-589DAC54A954,1255,D1D28EE2-215B-6BEB-C084-5E41567A01A0,1260,5
Security and exchange tradable derivative is issued by Issuer(s) via Security Issuer assignment,DA75945B-3FE1-4CE1-31BE-32494C407F7E,614,7B05DE5F-D456-6597-0307-AF70F31CA224,5583,,Security and exchange tradable derivative,Security Issuer assignment,,,*,1,Y,N,Security and exchange tradable derivative,Y,3EAB1EAE-8096-61A6-EEA8-6D5701B68A0D,1257,1C4CA59D-CEFA-7753-9A33-AF14FE5B6E7B,1273,5
Security borrowing and lending transaction has Borrower via Security borrowing and lending transaction Borrower assignment,DA75945B-3FE1-4CE1-31BE-32494C407F7E,614,51638D27-DDA9-1673-57B6-26CD17AD1EC6,5584,,Security borrowing and lending transaction,Security borrowing and lending transaction Borrower assignment,,,1,1,Y,N,Security borrowing and lending transaction,Y,9AA91438-1332-6027-7F60-B5906A773131,1258,5A0F8750-74E4-9770-6E3A-7BDC553C5132,1259,5
Security borrowing and lending transaction has Lender via Security borrowing and lending transaction Lender assignment,DA75945B-3FE1-4CE1-31BE-32494C407F7E,614,6ACA6235-8945-7EC2-7332-7D02C47BD0A7,5585,,Security borrowing and lending transaction,Security borrowing and lending transaction Lender assignment,,,1,1,Y,N,Security borrowing and lending transaction,Y,9AA91438-1332-6027-7F60-B5906A773131,1258,57CED120-5863-2B99-498C-4B08261CDA41,1263,5
Security borrowing and lending transaction has Security borrowing component,DA75945B-3FE1-4CE1-31BE-32494C407F7E,614,9C1BB3FF-17A1-FA26-9F44-43C22E5CC25E,5586,,Security borrowing and lending transaction,Security borrowing component,,,1,1,Y,N,Security borrowing and lending transaction,Y,9AA91438-1332-6027-7F60-B5906A773131,1258,07F6ED8E-615B-188C-5E38-4FA8252DB409,1264,5
Security borrowing and lending transaction has Security lending component via Security/Security Collateral lending component,DA75945B-3FE1-4CE1-31BE-32494C407F7E,614,D74D61C6-E0EF-88A0-F9EF-5D88E1493840,5587,,Security borrowing and lending transaction,Security/Security Collateral lending component,,,1,1,Y,N,Security borrowing and lending transaction,Y,9AA91438-1332-6027-7F60-B5906A773131,1258,914F904D-61DB-648C-04F2-578DB8B908FA,1254,5
Security borrowing component has Security collateral via Security borrowing component Security Collateral assignment,DA75945B-3FE1-4CE1-31BE-32494C407F7E,614,8E6B1DE8-F1BD-7395-0B7C-A2E6B36CABD8,5588,,Security borrowing component,Security borrowing component Security Collateral assignment,,,*,1,Y,N,None,Y,07F6ED8E-615B-188C-5E38-4FA8252DB409,1264,8CB77035-F1B9-61DF-8B42-80800911138B,1265,5
Security collateral is measured by Protection valuation approach,DA75945B-3FE1-4CE1-31BE-32494C407F7E,614,892032F1-B983-3BB2-1AB1-9311CB5A7BA7,5589,,Protection valuation approach,Security collateral,,,*,1,Y,N,None,N,FEAECD04-84D6-BE28-0AFB-55F1488722F9,1180,9265F731-8DAF-26D5-CA84-9E6B9A2AF5B1,1266,1
Security collateral is security in Security lending component via Security collateral lending component Security collateral assignment,DA75945B-3FE1-4CE1-31BE-32494C407F7E,614,71DF0E58-4A49-3473-7B83-236677C20D03,5590,,Security collateral,Security collateral lending component Security collateral assignment,,,*,1,Y,N,None,Y,9265F731-8DAF-26D5-CA84-9E6B9A2AF5B1,1266,427F480B-B77D-038A-A0E2-F4FDB2FB5586,1268,5
Security collateral is used in Security borrowing component via Security borrowing component Security Collateral assignment,DA75945B-3FE1-4CE1-31BE-32494C407F7E,614,E2392222-F94C-0D58-3F14-2FDE3D2FC143,5591,,Security collateral,Security borrowing component Security Collateral assignment,,,*,1,Y,N,None,Y,9265F731-8DAF-26D5-CA84-9E6B9A2AF5B1,1266,8CB77035-F1B9-61DF-8B42-80800911138B,1265,5
Security collateral lending component is security collateral via Security collateral lending component Security collateral assignment,DA75945B-3FE1-4CE1-31BE-32494C407F7E,614,ADFB411F-9AEF-DB90-833E-030F3B12D47A,5592,,Security collateral lending component,Security collateral lending component Security collateral assignment,,,*,1,Y,N,None,Y,37DFFB6C-0E96-6981-1AAB-4072949CE5A4,1267,427F480B-B77D-038A-A0E2-F4FDB2FB5586,1268,5
Security debtor is debtor of Debt security via Debt security Debtor assignment,DA75945B-3FE1-4CE1-31BE-32494C407F7E,614,F25B67D5-7F85-3DDC-4AC3-D84A151FD810,5593,,Security debtor,Debt security Debtor assignment,,,*,1,Y,N,None,Y,6D19CC10-7B4F-A161-85EE-C11A959246B8,1269,A8252FAF-D0C6-0C2A-BC0B-AF12F4C4B066,755,6
Security guarantee level is assigned to Debt security(ies),DA75945B-3FE1-4CE1-31BE-32494C407F7E,614,C3A69B45-FEC2-50E8-7706-9B906AFA5953,5594,,Security guarantee level,Debt security,,,*,1,Y,N,None,N,CD8D7B4F-FA74-397C-1BBE-1D2002B3CDB3,1272,BE76A78F-7CDB-648D-9F71-76109033434A,753,1
Security has Security derived data,DA75945B-3FE1-4CE1-31BE-32494C407F7E,614,651FE4D9-F3F9-B901-C6B1-74F76CF6B520,5595,,Security,Security derived data,,,1,1,N,N,Security,Y,6B9C4C46-5617-E783-1C65-FB2BF74222E9,1253,A02BF830-A5C0-4692-FF4D-EE79688737AD,1270,5
Security is involved in Security position,DA75945B-3FE1-4CE1-31BE-32494C407F7E,614,FE9A634B-6EC3-5A55-31DF-3955652BEC9D,5596,,Security,Security position,,,*,1,Y,N,None,Y,6B9C4C46-5617-E783-1C65-FB2BF74222E9,1253,58EBE203-5DEC-4B40-ACD1-091ACE0A3F31,1278,5
Security is used as Security collateral,DA75945B-3FE1-4CE1-31BE-32494C407F7E,614,A962B016-AF07-1554-A4B0-3C140D1C631C,5597,,Security,Security collateral,,,*,1,Y,N,None,N,6B9C4C46-5617-E783-1C65-FB2BF74222E9,1253,9265F731-8DAF-26D5-CA84-9E6B9A2AF5B1,1266,5
Security is used in Security lending component via Security lending component Security assignment,DA75945B-3FE1-4CE1-31BE-32494C407F7E,614,FEC35732-752A-17B4-87D1-9492528FB4D2,5598,,Security,Security lending component Security assignment,,,*,1,Y,N,None,Y,6B9C4C46-5617-E783-1C65-FB2BF74222E9,1253,7B587593-6229-5E12-E432-44673A6E926A,1275,5
Security lending component has Security via Security lending component Security assignment,DA75945B-3FE1-4CE1-31BE-32494C407F7E,614,4EE1D547-8A86-52A8-A594-0DE1067E0FD7,5599,,Security lending component,Security lending component Security assignment,,,*,1,Y,N,None,Y,B967B0DE-7C93-BB89-E479-F9630A5ACEC6,1274,7B587593-6229-5E12-E432-44673A6E926A,1275,5
Security level is assigned to Security(ies),DA75945B-3FE1-4CE1-31BE-32494C407F7E,614,D2B57295-9432-5F84-F326-884F7231092B,5600,,Security level,Security,,,*,1,Y,N,None,N,0E26622E-3C04-2B28-8047-5B119FE25288,1276,6B9C4C46-5617-E783-1C65-FB2BF74222E9,1253,1
Security position may be hedged by Security position hedged by Exchange tradable derivative,DA75945B-3FE1-4CE1-31BE-32494C407F7E,614,18B0F664-643C-D861-631C-25118FA5EC5F,5601,,Long/Short balance sheet recognised security position,Security position hedged by Exchange tradable derivative position,,,*,1,Y,N,None,Y,787DC804-0E68-D537-C02D-2F2E41666E76,963,D9629432-8D04-BBF6-99F1-614B21EDC17C,1279,13
Security position may be hedged by Security position hedged by Over the counter (OTC) derivative,DA75945B-3FE1-4CE1-31BE-32494C407F7E,614,7CC59708-BFE6-291E-C3B6-DBF49247FE1F,5602,,Long/Short balance sheet recognised security position,Security position hedged by Over the counter (OTC) derivative,,,*,1,Y,N,None,Y,787DC804-0E68-D537-C02D-2F2E41666E76,963,8D276167-45CA-B564-B28C-7849EB0D5ADC,1280,13
Security position might be balance sheet/non-balance sheet recognised,DA75945B-3FE1-4CE1-31BE-32494C407F7E,614,89DFF1B2-ECFC-FFE5-9E86-6DCB5B09AFDF,5603,,Security position,Balance sheet recognised/ Non-balance sheet recognised security position,,,*,1,Y,N,None,Y,58EBE203-5DEC-4B40-ACD1-091ACE0A3F31,1278,AE454F88-CBBB-388C-4265-06CD95FA89DD,662,11
Security postion is involved in Fundamental review of the trading book standard approach risk measure for security positions,DA75945B-3FE1-4CE1-31BE-32494C407F7E,614,47EE3855-5C74-4B9D-1C3E-D5168BAB2A01,5604,,Security position,Fundamental review of the trading book standard approach risk measure for security positions,,,*,1,Y,N,None,Y,58EBE203-5DEC-4B40-ACD1-091ACE0A3F31,1278,B611941B-D683-F3ED-92C1-62E6A06BBE91,868,11
Security recieved via a reverse repo is measured by Protection valuation approach,DA75945B-3FE1-4CE1-31BE-32494C407F7E,614,17F8DFF2-2D4F-3712-CB88-554F5F67D4F0,5605,,Protection valuation approach,(Reverse) Repurchase transaction Non-balance sheet recognised security position (received) assignment,,,*,1,Y,N,None,N,FEAECD04-84D6-BE28-0AFB-55F1488722F9,1180,F694A722-2D01-272C-E219-B105D2D77C80,617,1
Security status classifies Security(ies),DA75945B-3FE1-4CE1-31BE-32494C407F7E,614,D6732A7A-F69B-FC17-35EC-94CF04B9A3E1,5606,,Security status,Security,,,*,1,Y,N,None,N,0E22040E-84D0-86BF-2148-6124D16DE409,1281,6B9C4C46-5617-E783-1C65-FB2BF74222E9,1253,1
Seller buys a Repurchase transaction and lends cash via Repurchase transaction Buyer assignment,DA75945B-3FE1-4CE1-31BE-32494C407F7E,614,43A85D8E-6004-E633-5CA4-0AB618DB3739,5607,,Buyer,Repurchase transaction Buyer assignment,,,1,1,Y,N,None,Y,4CFFA0D9-78C3-DEC6-D0A3-DE192BE46AD7,684,F676F550-E548-6EFD-7817-A6E7BCCE81EE,1226,6
Seller sells a Repurchase transaction and receives cash via Repurchase transaction Seller assignment,DA75945B-3FE1-4CE1-31BE-32494C407F7E,614,93572E0D-3799-386B-6FD3-31AFB64A3AA9,5608,,Seller,Repurchase transaction Seller assignment,,,1,1,Y,N,None,Y,5EA2E086-7C62-B90A-F5D9-B4E684801F0E,1283,5EEEBD20-5875-DBE3-D4DC-DFC1F8BD9B99,1231,6
Seller sells Exchange tradable derivative position,DA75945B-3FE1-4CE1-31BE-32494C407F7E,614,DB6FA6B4-78D0-FC3F-C221-ABD83747DBB1,5609,,Seller,Exchange tradable derivative position,,,*,1,Y,N,None,Y,5EA2E086-7C62-B90A-F5D9-B4E684801F0E,1283,DB0CC98E-4E09-ADBF-024E-4EF7E3FA6604,817,6
Seller sells Over the counter (OTC) derivative instrument(s) via Over the counter (OTC) Derivative Seller assignment,DA75945B-3FE1-4CE1-31BE-32494C407F7E,614,42C58F86-8DD4-63B9-414F-587E81C2DB0C,5610,,Seller,Over the counter (OTC) Derivative Seller assignment,,,*,1,Y,N,None,Y,5EA2E086-7C62-B90A-F5D9-B4E684801F0E,1283,4A9F068E-F902-F6BE-AA04-016FC19D16AC,1132,6
Servicer is servicer of Credit facility Servicer assignment,DA75945B-3FE1-4CE1-31BE-32494C407F7E,614,581C1D59-D5B3-9BDA-A5BC-344DDBE759CC,5611,,Servicer,Credit facility Servicer assignment,,,*,1,Y,N,None,Y,7C07C1C1-BDE1-FF2F-E3B1-2F378716402B,1284,425714B4-12A1-0F8F-8263-5DA886C908EF,734,6
Servicer services Instrument(s) via Instrument Servicer assignment,DA75945B-3FE1-4CE1-31BE-32494C407F7E,614,B326B1CD-5CDD-B994-FAFA-7C062D85D1A8,5612,,Servicer,Instrument Servicer assignment,,,*,1,Y,N,None,Y,7C07C1C1-BDE1-FF2F-E3B1-2F378716402B,1284,EEC1B302-494D-4D13-FBC8-ED4D4CF46395,908,6
Ship collateral is measured by Protection valuation approach,DA75945B-3FE1-4CE1-31BE-32494C407F7E,614,E3C08E97-C5DA-D30B-27D8-D1235589C248,5613,,Protection valuation approach,Ship collateral,,,*,1,Y,N,None,N,FEAECD04-84D6-BE28-0AFB-55F1488722F9,1180,678799FC-1E4F-15A7-406E-9AD82266BED5,1286,1
Short balance sheet recognised security position has Short balance sheet recognised security position derived data,DA75945B-3FE1-4CE1-31BE-32494C407F7E,614,54716B06-9D51-4900-7E18-1D98623B2797,5614,,Short balance sheet recognised security position,Short balance sheet recognised security position derived data,,,1,1,Y,N,None,Y,850F83C9-C65D-C113-BD51-97E3BCE64216,1287,B35FE2AD-7E8A-1370-14DD-1644B0F7D508,1288,13
Short balance sheet recognised security position is assigned to Prudential portfolio(s) via Short balance sheet recognised security positiont,DA75945B-3FE1-4CE1-31BE-32494C407F7E,614,66EED9C5-373D-0FEA-7D9F-E1E08D081B75,5615,,Short balance sheet recognised security position,Short balance sheet recognised security position prudential portfolio assignment,,,*,1,N,N,None,Y,850F83C9-C65D-C113-BD51-97E3BCE64216,1287,325FAF07-0990-0437-FEFA-F03BD0CE8A57,1292,13
Short balance sheet recognised security position national general accepted accounting principles (nGAAP) may be a fiduciary asset via Short balance sheet recognised security position national general accepted accounting principles (nGAAP) fiduciary item,DA75945B-3FE1-4CE1-31BE-32494C407F7E,614,B0A78A39-BCC3-4EE1-D0A1-C21A82BB9879,5616,,Short balance sheet recognised security position national general accepted accounting principles (nGAAP),Short balance sheet recognised security position national general accepted accounting principles (nGAAP) fiduciary item,,,*,1,Y,N,None,Y,836351B1-A68F-756C-A520-37CD08FC7110,1290,67A334AE-0E56-6908-0088-5ACB2A9F4DEE,1291,13
Short term credit assessment type classifies Rating system(s),DA75945B-3FE1-4CE1-31BE-32494C407F7E,614,46D1895B-6544-7630-04B8-BB7C32F9184B,5617,,Short term credit assessment type,Rating system,,,*,1,Y,N,None,N,977ACE53-5669-1EBF-7DD2-BF01A290BF65,1293,70FB289D-B03F-3183-2133-75789F14C663,1199,1
Significant asset class classifies Exchange tradable derivative(s),DA75945B-3FE1-4CE1-31BE-32494C407F7E,614,03AB0810-703F-9311-A46A-A9942BE7C785,5618,,Significant asset class,Exchange tradable derivative,,,*,1,Y,N,None,N,4902CD26-9B71-8553-6E3C-6B1736A2583F,1294,A6C92F7E-77E2-595C-9979-8277C560E2E9,810,1
Significant asset class classifies Over the counter (OTC) Derivative instrument,DA75945B-3FE1-4CE1-31BE-32494C407F7E,614,3D887C7E-6DD7-CE7B-3BC2-3096679AC1F4,5619,,Significant asset class,Over the counter (OTC) Derivative instrument,,,*,1,Y,N,None,N,4902CD26-9B71-8553-6E3C-6B1736A2583F,1294,9665198A-8A15-BE5A-E137-9B7F66788D28,1128,1
Significant risk transfer securitisation may have Significant risk transfer securitisation derived data,DA75945B-3FE1-4CE1-31BE-32494C407F7E,614,CAE5FF30-B09C-8C47-4223-38D53DC76EAB,5620,,Significant risk transfer securitisation,Significant risk transfer securitisation derived data,,,1,1,Y,N,Significant risk transfer securitisation,Y,9F3875A1-8D55-CBC7-CAB4-50C8B2E67036,1296,4CE9BF0F-24BA-A0A3-CF56-08DF62FEC42B,1297,5
Significant risk transfer type classifies Securitisation(s),DA75945B-3FE1-4CE1-31BE-32494C407F7E,614,1D1F7937-50AA-B49E-4C3A-5E6ED9D15583,5621,,Significant risk transfer type,Securitisation,,,*,1,Y,N,None,N,745AFC15-3E53-4F53-EE12-F2EF47B1BB11,1298,EC05B5FC-3397-964C-AAF0-C65C085847AA,1247,1
"Simple, transparent and standardised (STS) securitisation type classifies Securitisation(s)",DA75945B-3FE1-4CE1-31BE-32494C407F7E,614,F46E3A97-03AA-0D23-37DE-59545EE87755,5622,,"Simple, transparent and standardised (STS) securitisation type",Securitisation,,,*,1,Y,N,None,N,9B31F51C-9862-0912-3086-78D4BE6742AC,1299,EC05B5FC-3397-964C-AAF0-C65C085847AA,1247,1
Software asset indicator is applied to Other intangible asset,DA75945B-3FE1-4CE1-31BE-32494C407F7E,614,FA0F63CD-A2FA-E9A2-6AAB-2F23A1EDA9EF,5623,,Software asset indicator,Other intangible asset,,,*,1,Y,N,None,Y,AD4B4387-8E33-C426-E7CC-4466448F6CB9,1303,B0A68774-AE19-592E-515D-4033B459C533,1104,1
"Software asset indicator is applied toProperty, plant and equipment not taken into possession",DA75945B-3FE1-4CE1-31BE-32494C407F7E,614,98FC5E5C-BD53-8310-000F-77511D3A043B,5624,,Software asset indicator,"Property, plant and equipment",,,*,1,Y,N,None,Y,AD4B4387-8E33-C426-E7CC-4466448F6CB9,1303,D686F9F6-0CDE-CEE3-9F51-1A55CA17B97A,1169,1
Source of encumbrance classifies Long balance sheet recognised security position derived data,DA75945B-3FE1-4CE1-31BE-32494C407F7E,614,8A00B243-C03A-CE26-EDEE-850D914CCFED,5625,,Source of encumbrance,Long balance sheet recognised security position prudential portfolio Accounting classifcation assignment derived data,,,*,1,Y,N,None,Y,D20E2464-37AB-7F09-7C11-762082F66EE0,1305,9CEA1E08-F628-512F-3E1B-DD6B6B517EB1,974,1
Source of encumbrance encumbers a financial asset,DA75945B-3FE1-4CE1-31BE-32494C407F7E,614,3287D655-B7DB-228F-25CE-2B3791AECEF7,5626,,Source of encumbrance,Financial asset instrument derived data,,,*,1,Y,N,None,N,D20E2464-37AB-7F09-7C11-762082F66EE0,1305,6CBCC0E7-4D57-A936-5273-6A99009949C4,842,1
Specialised lending exposure type classifies Financial asset instrument,DA75945B-3FE1-4CE1-31BE-32494C407F7E,614,450DB64E-6847-5032-B2A4-E0610A3F3D8E,5627,,Specialised lending exposure type,Financial asset instrument,,,*,1,Y,N,None,N,83DBDAFC-40F6-9F34-D6C5-ECB1713FEA83,1306,AC25CE06-349E-2EC8-DA05-FFD6B8759432,840,1
Statistical Classification of Economic Activities in the European Community (NACE) classifies Party(ies),DA75945B-3FE1-4CE1-31BE-32494C407F7E,614,EA47659F-CBF3-F381-4CF5-8FAEF864957B,5628,,Statistical Classification of Economic Activities in the European Community (NACE),Party,,,*,1,Y,N,None,N,597D6E32-A717-6C84-2295-58CF27F551E6,1309,68582837-AD3C-8E9C-DB5E-68322CD1DE08,1140,1
Statistical Classification of Economic Activities in the European Community revision (NACE 2.1) classifies Party(ies),DA75945B-3FE1-4CE1-31BE-32494C407F7E,614,A93D9530-EEE8-6AC3-F2D3-41C2868204F1,5629,,Statistical Classification of Economic Activities in the European Community revision (NACE 2.1),Party,,,*,1,Y,N,None,N,9AA790F5-91DA-401F-27A6-28DC86A27F0F,1310,68582837-AD3C-8E9C-DB5E-68322CD1DE08,1140,1
Structured note type classifies Security(ies),DA75945B-3FE1-4CE1-31BE-32494C407F7E,614,BB48EEE3-A429-53AB-4197-E9E6B9BBF6A6,5630,,Structured note type,Security,,,*,1,Y,N,None,N,D0136C06-9303-686C-3F38-125306F2E33C,1311,6B9C4C46-5617-E783-1C65-FB2BF74222E9,1253,1
Subject to impairment indicator is applied to Financial asset instrument,DA75945B-3FE1-4CE1-31BE-32494C407F7E,614,050CB951-406D-E049-A83B-193AC92FC4CF,5631,,Subject to impairment indicator,Financial asset instrument,,,*,1,Y,N,None,N,24C70B31-006D-69BE-CCB7-9FA5F1B4D5D4,1312,AC25CE06-349E-2EC8-DA05-FFD6B8759432,840,1
Subject to impairment indicator is applied to Long balance sheet recognised security position,DA75945B-3FE1-4CE1-31BE-32494C407F7E,614,AB6215D1-E88F-FEB6-3FFC-28A2D03AF860,5632,,Subject to impairment indicator,Long balance sheet recognised security position prudential portfolio Accounting classification assignment,,,*,1,Y,N,None,N,24C70B31-006D-69BE-CCB7-9FA5F1B4D5D4,1312,8C41CD82-6B5E-E1F3-6046-8A212990D177,975,1
Subject to operating lease type specifies Investment property,DA75945B-3FE1-4CE1-31BE-32494C407F7E,614,FC667D59-96E4-69D1-B9A2-CFEF559EFAFB,5633,,Subject to operating lease type,Investment property,,,*,1,Y,N,None,Y,C2872992-AFFE-F496-E488-8CD577868144,1313,02E00201-0ACA-69C6-F56F-3B2C690AFC81,922,1
"Subject to operating lease type specifies Property, plant and equipment not taken into possession",DA75945B-3FE1-4CE1-31BE-32494C407F7E,614,04BBE82D-32FF-1A7F-5382-818AB923CF53,5634,,Subject to operating lease type,"Property, plant and equipment",,,*,1,Y,N,None,Y,C2872992-AFFE-F496-E488-8CD577868144,1313,D686F9F6-0CDE-CEE3-9F51-1A55CA17B97A,1169,1
Subordinated debt indicator classifies Debt security,DA75945B-3FE1-4CE1-31BE-32494C407F7E,614,6516F85B-5E3A-ABCE-72D2-E97696ABA483,5635,,Subordinated debt indicator,Debt security,,,*,1,Y,N,None,N,95774261-695F-BBCC-B48D-FA19567080D6,1314,BE76A78F-7CDB-648D-9F71-76109033434A,753,1
Subordinated debt indicator classifies Financial asset instrument,DA75945B-3FE1-4CE1-31BE-32494C407F7E,614,D22D98E8-F1CE-8EFD-F108-66E8029835CD,5636,,Subordinated debt indicator,Financial asset instrument,,,*,1,Y,N,None,N,95774261-695F-BBCC-B48D-FA19567080D6,1314,AC25CE06-349E-2EC8-DA05-FFD6B8759432,840,1
Subordinated debt indicator classifies Financial liability instrument,DA75945B-3FE1-4CE1-31BE-32494C407F7E,614,058968D4-35FF-4BEB-6E6C-C47D75A043CC,5637,,Subordinated debt indicator,Financial liability instrument,,,*,1,Y,N,None,N,95774261-695F-BBCC-B48D-FA19567080D6,1314,B0811BE3-D363-51F6-D109-9A7C6F7D56DE,856,1
"Subsidiary, joint venture and associate comprises Associate(s) via Subsidiary, joint venture and associate Associate assignment",DA75945B-3FE1-4CE1-31BE-32494C407F7E,614,72846AE0-4203-4D48-8622-E0DEE0E5C25C,5638,,"Subsidiary, joint venture and associate","Subsidiary, joint venture and associate Associate assignment",,,*,1,Y,N,None,Y,074C10B7-DC84-861E-6F29-AD5B890A5FDC,1315,E388C5AF-A657-668E-739A-78827095B5C6,1316,5
"Subsidiary, joint venture and associate comprises Joint venture(s) via Subsidiary, joint venture and associate Joint venture assignment",DA75945B-3FE1-4CE1-31BE-32494C407F7E,614,DA0090DB-965C-C1E2-54C2-B6031386353D,5639,,"Subsidiary, joint venture and associate","Subsidiary, joint venture and associate Joint venture assignment",,,*,1,Y,N,None,Y,074C10B7-DC84-861E-6F29-AD5B890A5FDC,1315,BA6D2D1D-432C-14EB-5EEA-919ACBD4EAC9,1317,5
"Subsidiary, joint venture and associate comprises Subsidiary via Subsidiary, joint venture and associate Subsidiary assignment",DA75945B-3FE1-4CE1-31BE-32494C407F7E,614,AE335D2E-446E-AC75-4D17-52717320E967,5640,,"Subsidiary, joint venture and associate","Subsidiary, joint venture and associate Subsidiary assignment",,,*,1,Y,N,None,Y,074C10B7-DC84-861E-6F29-AD5B890A5FDC,1315,D2C7B058-F8C2-369B-AA57-351682BB3DA3,1319,5
"Subsidiary (of the reporting agent) is part of Subsidiary, joint venture and associate via Subsidiary, joint venture and associate Subsidiary assignment",DA75945B-3FE1-4CE1-31BE-32494C407F7E,614,72432D4F-F9C1-12A3-B4E2-A6415A90E963,5641,,Subsidiary (of the reporting agent),"Subsidiary, joint venture and associate Subsidiary assignment",,,1,1,Y,N,Subsidiary (of the reporting agent),Y,3662F410-8493-5302-7015-793D031981AD,1320,D2C7B058-F8C2-369B-AA57-351682BB3DA3,1319,6
Syndicated contract contains Syndicated financial contract member(s),DA75945B-3FE1-4CE1-31BE-32494C407F7E,614,4108A33F-F163-231E-B13B-002130A17F9B,5642,,Syndicated contract,Syndicated financial contract member,,,*,1,Y,N,None,N,67F67629-DEAB-6530-D906-4E5A5BCD18EE,1323,433144ED-ECC7-F44F-21AC-90A4454E3543,1324,1
Syndication or sub-participation member instrument has payment agent via Syndication or sub-participation member instrument Payment agent assignment,DA75945B-3FE1-4CE1-31BE-32494C407F7E,614,EEA9349D-E922-85AA-DAA7-A96D1411DB82,5643,,Syndication or sub-participation member instrument,Syndication or sub-participation member instrument Payment agent assignment,,,*,1,Y,N,None,Y,EA305BC2-1078-CA1E-2C19-47E9008DDE26,1325,8016AB99-196E-D820-539D-B82547602772,1326,5
Synthetic securitisation comprises Exchange tradable derivative liability position Synthetic securitisation assignment,DA75945B-3FE1-4CE1-31BE-32494C407F7E,614,AC22D88F-67E7-F816-5BFD-B88128AF2260,5644,,Synthetic securitisation,Exchange tradable derivative liability position Synthetic securitisation assignment,,,*,1,Y,N,None,Y,6F6AF604-488B-E625-A891-E2C2BF2AE925,1327,C89D083A-8940-4234-8E2C-3D6C4BA4C14C,816,5
Synthetic securitisation comprises Tranche in a synthetic securitisation without securitisation special purpose entity (SSPE) being a financial guarantee via Over the counter (OTC) Derivative instrument Synthetic securitisation assignment,DA75945B-3FE1-4CE1-31BE-32494C407F7E,614,F51A87BA-8764-5671-E56E-D67FB0F8F6EE,5645,,Synthetic securitisation,Over the counter (OTC) Derivative instrument Synthetic securitisation assignment,,,*,1,Y,N,None,Y,6F6AF604-488B-E625-A891-E2C2BF2AE925,1327,A2E89941-923C-5ECC-0300-D9EA03F91C87,1131,5
Synthetic securitisation without involvement of an SSPE comprises Tranche in a synthetic securitisation without securitisation special purpose entity (SSPE) being a deposit,DA75945B-3FE1-4CE1-31BE-32494C407F7E,614,83FD2842-82E2-69EE-BDF1-70B65CD27EE2,5646,,Synthetic securitisation without involvement of an SSPE,Tranche in a synthetic securitisation without securitisation special purpose entity (SSPE) being a deposit,,,*,1,Y,N,None,Y,69F073B3-E281-91DE-AB3F-03CE229C5A06,1329,3816F7B6-FE7A-DDAD-3E37-FFD4314F896E,1342,5
Synthetic securitisation without involvement of an SSPE comprises Tranche in a synthetic securitisation without securitisation special purpose entity (SSPE) being a financial guarantee,DA75945B-3FE1-4CE1-31BE-32494C407F7E,614,E0092DDD-75E5-3392-675E-D38DFEE03BA5,5647,,Synthetic securitisation without involvement of an SSPE,Tranche in a synthetic securitisation without securitisation special purpose entity (SSPE) being a financial guarantee,,,*,1,Y,N,None,Y,69F073B3-E281-91DE-AB3F-03CE229C5A06,1329,35F14063-6EB3-9BD1-02A6-C0C77139B8DE,1343,5
Time elapsed since initial recognition band is applied to Balance sheet recognised exchange tradable derivative asset position taken into possession derived data,DA75945B-3FE1-4CE1-31BE-32494C407F7E,614,1DDFC537-B35A-0B39-21C2-0FCD8C6856D6,5648,,Time since initial recognition band,Balance sheet recognised exchange tradable derivative asset position taken into possession derived data,,,*,1,Y,N,None,N,DD59ED4E-238E-DE0F-5022-FC3237A6CC85,1334,4D74C9EB-D462-9E5D-1F2B-C7633776FD9C,669,1
Time elapsed since initial recognition band is applied to Balance sheet recognised financial asset instrument taken into possession derived data,DA75945B-3FE1-4CE1-31BE-32494C407F7E,614,C76B0B75-8F4F-83AE-2111-03B5BB9427EB,5649,,Time since initial recognition band,Balance sheet recognised financial asset instrument taken into possession derived data,,,*,1,Y,N,None,N,DD59ED4E-238E-DE0F-5022-FC3237A6CC85,1334,5A9E94C8-BB1A-90A2-D0BE-9F9B9F426CDB,677,1
Time elapsed since initial recognition band is applied to Investment property derived data,DA75945B-3FE1-4CE1-31BE-32494C407F7E,614,EFA14946-A6EC-48BF-4D12-69894527354C,5650,,Time since initial recognition band,Investment property taken into possession derived data,,,*,1,Y,N,None,N,DD59ED4E-238E-DE0F-5022-FC3237A6CC85,1334,3BA0AB67-3971-BC75-D00A-5A85BF3E34CA,924,1
Time elapsed since initial recognition band is applied to Long security position Prudential Portfolio assignment taken into possession derived data,DA75945B-3FE1-4CE1-31BE-32494C407F7E,614,5C3F2CC4-47C7-9009-233E-24B6EB8649E6,5651,,Time since initial recognition band,Long balance sheet recognised security position prudential portfolio Accounting classification assignment taken into possession derived data,,,*,1,Y,N,None,N,DD59ED4E-238E-DE0F-5022-FC3237A6CC85,1334,E573620A-DB93-C211-C1B3-DC54E4D7921F,980,1
Time past due band classifies Credit facility risk data derived data,DA75945B-3FE1-4CE1-31BE-32494C407F7E,614,7B15784E-05FC-E116-97AF-F3EC4A24DFF6,5652,,Time past due band,Credit facility risk data derived data,,,*,1,Y,N,None,N,EE235EA2-AF82-437F-2F3A-49B96C151431,1333,ACF614FC-DE11-E7C1-0954-03D14F3003EB,733,1
Time past due band classifies Financial asset instrument derived data,DA75945B-3FE1-4CE1-31BE-32494C407F7E,614,522FF4D7-3524-1671-6D88-D8A952078B31,5653,,Time past due band,Financial asset instrument derived data,,,*,1,Y,Y,None,N,EE235EA2-AF82-437F-2F3A-49B96C151431,1333,6CBCC0E7-4D57-A936-5273-6A99009949C4,842,1
Time past due band classifies past due debt security derived data,DA75945B-3FE1-4CE1-31BE-32494C407F7E,614,EA7A9C8F-2367-1F0F-8461-F81847939947,5654,,Time past due band,Past due debt security derived data,,,*,1,Y,N,None,N,EE235EA2-AF82-437F-2F3A-49B96C151431,1333,36A62AF3-D353-AE65-7F5D-0B209D20E7F7,1148,1
Trade receivable has Assigned debtor via Trade receivable Assigned debtor assignment,DA75945B-3FE1-4CE1-31BE-32494C407F7E,614,BDF6B0B0-9643-78A3-7765-68ED3006E43F,5655,,Trade receivable,Trade receivable Assigned debtor assignment,,,*,1,Y,N,Trade receivable,Y,5183D638-6F8E-E4ED-2C17-CAD059CF1853,1335,0C7AB2CF-78C2-2FC0-DAA0-46CFC7856618,1336,5
Trade receivable has Factor via Trade receivable Factor assignment,DA75945B-3FE1-4CE1-31BE-32494C407F7E,614,C23BB9F8-1AC0-8EEF-949F-696310B8F5CA,5656,,Trade receivable,Trade receivable Factor assignment,,,1,1,Y,N,Trade receivable,Y,5183D638-6F8E-E4ED-2C17-CAD059CF1853,1335,20E8D039-861C-CE2E-A9AF-EC81951BC568,1338,5
Traditional securitisation comprises Debt security issued (by the reporting agent) Traditional securitisation assignment,DA75945B-3FE1-4CE1-31BE-32494C407F7E,614,0C62A4E9-99EE-D169-3C98-1AF9BE826092,5657,,Traditional securitisation,Debt security issued (by the reporting agent) Traditional securitisation assignment,,,*,1,Y,N,None,Y,FA2C1C55-9919-EFA4-4644-24E333EEF6B4,1339,8F67F20B-41BF-6D1D-9D6F-D70B8FCC1937,762,5
Traditional securitisation comprises Discount or excess spread,DA75945B-3FE1-4CE1-31BE-32494C407F7E,614,E1A2C77C-A385-B250-1915-97C385D2195E,5658,,Traditional securitisation,Discount or excess spread,,,1,1,Y,N,Traditional securitisation,Y,FA2C1C55-9919-EFA4-4644-24E333EEF6B4,1339,FBB257EF-D39D-43F5-B976-A9F94B380F70,782,5
Traditional securitisation involves Tranche in a Traditional securitisation,DA75945B-3FE1-4CE1-31BE-32494C407F7E,614,242993BD-188F-3131-E006-1DC2F52BF475,5659,,Traditional securitisation,Tranche in a Traditional securitisation,,,*,1,N,N,None,Y,FA2C1C55-9919-EFA4-4644-24E333EEF6B4,1339,F113ACC3-8DA5-8E54-6DD7-91545BD2BAF3,1345,5
Transfer between impairment stages is applied to Balance sheet recognised financial asset instrument derived data,DA75945B-3FE1-4CE1-31BE-32494C407F7E,614,2226B065-1E4A-67C0-D91F-717238FED410,5660,,Transfer between impairment stages,Balance sheet recognised financial asset instrument derived data,,,*,1,Y,Y,None,N,B2735F89-31EA-99CF-81A6-93D3886B74D7,1347,7843E56A-D970-2EDE-467A-EBF530A20DE5,674,1
Transfer between impairment stages is applied to Long security position Prudential Portfolio assignment Accounting classification for financial assets assignment derived data(s),DA75945B-3FE1-4CE1-31BE-32494C407F7E,614,84A367D8-0BE8-57BD-DAB5-D14BE104970F,5661,,Transfer between impairment stages,Long balance sheet recognised security position prudential portfolio Accounting classifcation assignment derived data,,,*,1,Y,Y,None,N,B2735F89-31EA-99CF-81A6-93D3886B74D7,1347,9CEA1E08-F628-512F-3E1B-DD6B6B517EB1,974,1
Transfer between impairment stages is applied to Off-balance sheet item given instrument derived data,DA75945B-3FE1-4CE1-31BE-32494C407F7E,614,B55A7164-1303-4D57-5902-20ACBB1A47AC,5662,,Transfer between impairment stages,Off-balance sheet item given instrument derived data,,,*,1,Y,Y,None,N,B2735F89-31EA-99CF-81A6-93D3886B74D7,1347,41AF9BCF-3A30-E769-02F3-A0FD1ACDC86E,1075,1
Treatment of securitised / transfered assets in balance sheet is applied to Asset pool (subject to a Securitisation and other credit transfer),DA75945B-3FE1-4CE1-31BE-32494C407F7E,614,FB384209-CD31-B1ED-41F1-34E8F59068FA,5663,,Treatment of securitised / transfered assets in balance sheet,Asset pool (subject to a Securitisation and other credit transfer),,,*,1,Y,N,None,N,5EEE5F19-6BD1-DC0E-D355-7D881A38792F,1349,CF3123E9-C3A5-7650-8DD2-DBE9CABA5872,644,1
Treatment of securitised / transfered assets in balance sheet is applied to Repurchase transaction gold (given) assignment,DA75945B-3FE1-4CE1-31BE-32494C407F7E,614,D4952992-BC83-8BB1-706E-D705F28FA934,5664,,Treatment of securitised / transfered assets in balance sheet,Repurchase transaction gold (given) assignment,,,1,1,Y,N,None,N,5EEE5F19-6BD1-DC0E-D355-7D881A38792F,1349,25FB7BA4-2841-84A7-990A-6213F5F91937,1227,1
Type of hedge classifies Debt security issued (by the reporting agent) as a hedge,DA75945B-3FE1-4CE1-31BE-32494C407F7E,614,1D0E5D65-7FD4-E701-B02C-9FB9B686774C,5665,,Type of hedge,Debt security issued (by the reporting agent) as a hedge,,,*,1,Y,N,None,N,20695BED-A999-5926-39A6-52E10BCBC16D,1350,FAEB9B83-BE89-F719-6667-BF2DE4448BFE,759,1
Type of hedge classifies Equity instrument that is not a security as a hedge,DA75945B-3FE1-4CE1-31BE-32494C407F7E,614,05EF8246-C73D-4BC6-7588-7462FC4C3FD9,5666,,Type of hedge,Equity instrument that is not a security as a hedge,,,*,1,Y,N,None,N,20695BED-A999-5926-39A6-52E10BCBC16D,1350,30FE22A5-7D6D-B178-7F24-11F6D029B691,798,1
Type of hedge classifies Exchange tradable derivative position as a hedge,DA75945B-3FE1-4CE1-31BE-32494C407F7E,614,FFE6C707-1CB8-416B-CE51-49C02A4C3604,5667,,Type of hedge,Exchange tradable derivative position as a hedge,,,*,1,Y,N,None,N,20695BED-A999-5926-39A6-52E10BCBC16D,1350,6EEE9DB7-67AC-D2CA-13A9-4ED84E7604F3,818,1
Type of hedge classifies Loan and advance as a hedge,DA75945B-3FE1-4CE1-31BE-32494C407F7E,614,462092EB-AD6B-154B-CC2F-C64EA23947DF,5668,,Type of hedge,Loan and advance as a hedge,,,*,1,Y,N,None,N,20695BED-A999-5926-39A6-52E10BCBC16D,1350,D249222E-C88E-947C-2B2E-F8F931CFDCCB,956,1
Type of hedge classifies Long security position as a hedge,DA75945B-3FE1-4CE1-31BE-32494C407F7E,614,9839B957-739A-F77F-3D0D-ADEDB806D521,5669,,Type of hedge,Long/Short balance sheet recognised security position as a hedge,,,*,1,Y,N,None,N,20695BED-A999-5926-39A6-52E10BCBC16D,1350,204CCBD3-D9AD-0EC9-ED88-7E6A00BA0415,964,1
Type of hedge classifies Over the counter (OTC) Derivative as a hedge,DA75945B-3FE1-4CE1-31BE-32494C407F7E,614,98C79F7E-2080-FBDE-0B74-1FBFF9160EDB,5670,,Type of hedge,Over the counter (OTC) Derivative as a hedge,,,*,1,Y,N,None,N,20695BED-A999-5926-39A6-52E10BCBC16D,1350,EE7AABF7-53FD-1A4B-D940-7E228C87F604,1124,1
Type of interest rate classifies Financial asset instrument,DA75945B-3FE1-4CE1-31BE-32494C407F7E,614,411D1435-F095-AD5E-B190-A3C3CB26CB58,5671,,Type of interest rate,Financial asset instrument,,,*,1,Y,N,None,N,852E6539-35E1-F08E-D9B0-CD8539CAC21E,1351,AC25CE06-349E-2EC8-DA05-FFD6B8759432,840,1
Under construction or developement indicator classifies Commercial Immovable property other than related to land (excluding agricultural land),DA75945B-3FE1-4CE1-31BE-32494C407F7E,614,7F79C4CD-CA3A-AE13-9C18-CEC25DC1C608,5672,,Under construction or developement indicator,Commercial immovable property other than related to land (excluding agricultural land),,,*,1,Y,N,None,N,46F25976-E134-25E5-5399-16B95A92C0EB,1352,117AAD91-1CB6-CACB-21BB-1DD5724813DD,706,1
Under construction or developement indicator classifies Commercial Immovable property related to land (excluding agricultural land),DA75945B-3FE1-4CE1-31BE-32494C407F7E,614,76224C74-BC54-E1BA-DDEC-3EA852D690B4,5673,,Under construction or developement indicator,Commercial immovable property related to land (excluding agricultural land),,,*,1,Y,N,None,N,46F25976-E134-25E5-5399-16B95A92C0EB,1352,662D063E-F7B9-0CCA-2264-0284224BC439,707,1
Under construction or developement indicator classifies Real estate collateral,DA75945B-3FE1-4CE1-31BE-32494C407F7E,614,56DBE759-5C45-57E9-6707-2CF8BFDE3274,5674,,Under construction or developement indicator,Real estate collateral,,,*,1,Y,N,None,N,46F25976-E134-25E5-5399-16B95A92C0EB,1352,CB0C6E09-D4A8-0DE1-AC7D-6CA6C8578B80,1201,1
Under construction or developement indicator classifies Residential Immovable property,DA75945B-3FE1-4CE1-31BE-32494C407F7E,614,DD64B1DB-4D64-B05D-1EFE-DA223C99AEC1,5675,,Under construction or developement indicator,Residential Immovable property,,,*,1,Y,N,None,N,46F25976-E134-25E5-5399-16B95A92C0EB,1352,378ED8FD-0028-41EB-09F8-4FF1B73B83FF,1233,1
